Circuit.ieee123, {7A2C6B38-75F4-49B7-97C7-99E9AF138F8C}
Bus.150, {CCD13B44-51B3-4339-8390-7142332DFB2D}
Bus.150r, {DB027EA8-8DDA-4D17-8C68-4FD7F80A4F01}
Bus.149, {9F50EE98-0F6D-46B8-8178-70352A086FCE}
Bus.1, {AFF73F3E-B1A6-4AED-8037-373AAAE77437}
Bus.2, {29D42E41-E128-4D56-A837-7F4D7E15A060}
Bus.3, {64EFFB21-069F-400B-87A4-3A7D902EBEBC}
Bus.7, {ACB4C147-96A0-4456-A8F6-2694B970B101}
Bus.4, {A71F2D62-5B02-4564-8CE1-94C5A33F473B}
Bus.5, {B45580FE-601F-4ADB-9582-8FCD06207A0B}
Bus.6, {45FC999E-AC55-4BB1-AAD4-12BF68AA811E}
Bus.8, {6007B4FB-E0AD-44B3-8959-969AA50D962F}
Bus.12, {505974A5-DC84-4A9B-8B53-A597FDC37049}
Bus.9, {AD56C0DF-2A95-4873-917E-5263D95031CE}
Bus.13, {F0EB643A-6E89-4F99-8964-4E5AB5A620CB}
Bus.9r, {2C64AD4A-A7E4-46CE-A354-62CF71F6BDBC}
Bus.14, {915354F3-5772-43B0-BD82-94AEECD45605}
Bus.34, {852F36BC-9AAB-4BDF-9A29-73C8CE36CF23}
Bus.18, {80E9693A-BB4A-444E-8B2C-697096C2CDD1}
Bus.11, {325F93B0-6A9A-4DF6-9F5E-B530BF359758}
Bus.10, {19B02DEC-B100-4517-899F-F1681EA6F169}
Bus.15, {5522FBEE-8B7B-4243-A62B-D6C5F5FB180F}
Bus.16, {3179434B-03AB-486E-9055-01FD288C2A53}
Bus.17, {E4ECEF71-33B9-49A9-888A-D41F441517A4}
Bus.19, {A5102619-D297-48CC-B096-03DAE24F10E2}
Bus.21, {6BA0062C-12C9-46C8-AB15-5CCA3B7B44E0}
Bus.20, {13DD1F77-4E2C-4916-AD3A-1116612D527A}
Bus.22, {96D6E9AE-F71E-4707-A51A-0C342A5A76E8}
Bus.23, {EE4D14DF-77F1-438C-80BF-F87E3F61D338}
Bus.24, {75B6F76E-CC0C-4AAE-BBBE-6221B7E06B5C}
Bus.25, {341383E9-4C36-413B-AA94-1E7363787A1C}
Bus.25r, {C5BA647A-0533-4A6B-9333-2B89DFF03C29}
Bus.26, {22C4F678-AE9E-4391-9E59-02917BB80F16}
Bus.28, {B567AA21-E862-49F5-B975-FA5501EC1F65}
Bus.27, {869758DA-749F-4006-91F8-97A7CCE7353F}
Bus.31, {EE47A4C0-011C-43B0-8283-3190A34D09D5}
Bus.33, {0E5457FA-3D2B-42E2-A00B-4D3377DC2382}
Bus.29, {A94E86F9-4AD5-41C8-AF2A-EC6B88DDE612}
Bus.30, {648DE3CC-C101-4352-8988-AB630337248D}
Bus.250, {5C801B05-618C-4EC7-A6FF-6D50D374E899}
Bus.32, {23CAB539-8345-438B-B7F3-5D25E073FF46}
Bus.35, {3269FC8F-8947-4491-9E74-1BE33796FED0}
Bus.36, {4A258A6B-1F60-46ED-8574-327F672C9BED}
Bus.40, {292DE431-881D-4FD4-BBFD-A10D80E4338C}
Bus.37, {BBF4E604-1182-4B26-9695-A93A49A6CF04}
Bus.38, {7EBF2906-1B0E-4D7E-A6A1-A7B62575C404}
Bus.39, {49D6A3A0-1989-433D-BE40-7EBC4DA827F5}
Bus.41, {12C1D72F-DCA4-414F-967E-088724005B24}
Bus.42, {A7AFF363-427C-416B-87CB-89BD10AAD9ED}
Bus.43, {DC494754-490D-4DEA-A7DB-073D2043A302}
Bus.44, {696FDC9B-9BAF-4813-AEA5-201E75C2FFFF}
Bus.45, {AC21D096-881A-40F7-B7E8-01F2AC1412C2}
Bus.47, {3A04DB59-1CF3-4DFA-81BD-1B520A16572E}
Bus.46, {C64C5238-1B0C-4EF8-B79E-3E470B8A994A}
Bus.48, {F2DBBF91-77CB-4BA9-9CF2-AAD8484CC747}
Bus.49, {2BA147E6-4043-4387-9637-A31BAD1EAFF8}
Bus.50, {AEA28737-3C39-4C03-918C-83B75FCC9D28}
Bus.51, {E1AD82BB-D7B6-4C83-80E5-866EA5996AC2}
Bus.151, {4A8E2AA3-D2BB-4E93-866E-EB83B55BD3A3}
Bus.52, {29404397-5982-43E1-A7D3-1C802CD66C8A}
Bus.53, {DCDF60D1-43F4-485E-AA9C-095CDB827B9D}
Bus.54, {CEA9AEDE-2070-4910-872C-1EB8E2D92677}
Bus.55, {FFC0A2EE-B0B1-41D6-801E-396E8587D600}
Bus.57, {FF7C1692-81B3-4193-B636-B0C7B58A46ED}
Bus.56, {C733493E-3661-42D6-BBF2-C112D228CC1E}
Bus.58, {91BB4F77-98AD-4AB3-8B90-2203E3249793}
Bus.60, {FB7E0622-B0F8-472E-A27E-882CE0B1C8C8}
Bus.59, {5D84BFF3-D8D9-486C-B8DC-F906952CDC9C}
Bus.61, {FD34F7A8-4B06-45FB-A80B-763ABDFD1D3D}
Bus.62, {97825388-5472-4736-AFC4-47D1C7459A08}
Bus.63, {9AE9DC90-DEDB-40E5-99D7-78E4635D07F9}
Bus.64, {C3E6CEF4-3E77-4636-9179-F6F3B3D5047C}
Bus.65, {82EF3D68-E8A2-4882-BC4E-8D938A86B6E4}
Bus.66, {928ACE96-10D6-4918-94DC-9B96D4AA1BF5}
Bus.67, {EF77271E-5731-4CFC-9BCB-77F00BC2A602}
Bus.68, {465FDDAA-8697-4396-BD4C-15896E0B2D81}
Bus.72, {8453FEA7-45FD-4180-A9C0-B2FA7F2366AF}
Bus.97, {C687209F-B1D1-4F12-8A60-22B6234958A1}
Bus.69, {23DADF87-115C-4C97-93D7-0F75C58FEE3D}
Bus.70, {3E9E805D-FC12-4A34-A289-AAC57E85CD7A}
Bus.71, {D6F0E53C-26D7-49F7-BB3C-B5B0E49C01D4}
Bus.73, {9CBA252F-AF1B-49BA-80A0-70A22DC898A7}
Bus.76, {33570A8F-E557-429C-BB98-3034AA2D6305}
Bus.74, {32FF8029-4937-4197-9CDC-462F86ED8673}
Bus.75, {ACBA0488-5DC8-46D0-BA0F-A927EAE9404A}
Bus.77, {B2ACEF8D-9469-473D-9D51-559CAF08A765}
Bus.86, {7995A69A-47B3-4008-9271-7C84FD52C75B}
Bus.78, {81FF6DF2-5608-42EB-9AE9-22C37D5B848D}
Bus.79, {2F682D03-B690-425A-9547-B601F63C5CA4}
Bus.80, {0564544F-6F18-45EB-9B56-4DB05FBADBC1}
Bus.81, {B71D8126-47CE-48C2-BCD1-D58E1780D3F9}
Bus.82, {653B8F36-DA3C-4247-B990-A515653CFAAB}
Bus.84, {8860F708-DA2A-44C4-9D5A-725F274A1A09}
Bus.83, {1B397489-2095-461B-9F8A-8EA1D7952084}
Bus.85, {ACC8EC74-C2E4-40C4-AAEE-B8772A0E9C05}
Bus.87, {1D4552F8-116B-43C8-8BE4-89FA38D7D100}
Bus.88, {04B40B96-168F-4ACE-A7AD-2E662CBA0D84}
Bus.89, {BF9C91D8-6B41-48F7-9B35-29C2751A78DF}
Bus.90, {C1AFD6A6-A04A-46B9-86DA-C59C2C0909E3}
Bus.91, {BF082819-77D9-4509-AB2A-275FDDE6ADD2}
Bus.92, {49B4BA44-7BDF-43F6-9B55-A8E1466F50BC}
Bus.93, {F797552E-E207-4B7F-B09D-46EA7F7D2334}
Bus.94, {B10D4199-3048-4D0F-83B7-40A47100A5BE}
Bus.95, {9F393497-5FD5-4ED4-8A5A-757D2D9B4DED}
Bus.96, {AB27B535-A383-4105-A7F6-4F19C45ED985}
Bus.98, {FE3B8480-89E0-42B2-859F-1C7DB9A0BAA7}
Bus.99, {BE195943-7F06-475F-8FA3-462118EACA22}
Bus.100, {A471C7F6-47A3-431C-851B-B213DEFDC0C7}
Bus.450, {28A29442-CE89-4548-8A77-268F2E6FACE6}
Bus.197, {F27D6078-DD96-4BE5-A9FF-35B61A27A842}
Bus.101, {62F66FAA-8B99-468B-B6F4-06AFC50777CE}
Bus.102, {10186238-DBFD-40A0-8E04-8468A2F799AF}
Bus.105, {A1CDD98A-79DA-49ED-AB82-84A722F1EDB2}
Bus.103, {013DB213-506B-422E-A435-5012EC032197}
Bus.104, {C0FF7393-5427-4832-A653-1BF472606AD4}
Bus.106, {12B95B8E-087D-4273-A6B2-7501E7E09DBC}
Bus.108, {388BBA55-ED40-47EC-A322-BA09822A0B36}
Bus.107, {19C09E1D-62D3-46D0-941D-232E71E6F07D}
Bus.109, {7F96B29F-D631-4829-AF3C-6B9AA00054C7}
Bus.300, {03E0781A-26DA-412C-A80F-B04A9289128D}
Bus.110, {47118E80-3599-4A6B-A424-59E46A84B8F1}
Bus.111, {B552697E-53A9-428D-89AC-B22C6A469BB4}
Bus.112, {41443120-4791-4F28-9DAA-2A2D9724EA52}
Bus.113, {E4173B21-D6CD-4EDE-9DCD-20897D30C67F}
Bus.114, {85A4032C-B077-4579-AD98-E33AF723B5A7}
Bus.135, {F84764DE-DB7A-4C58-9298-679D70077221}
Bus.152, {73B3638D-9227-4B2A-9E3C-DBA3A6E337AC}
Bus.160r, {3C0E14D1-7E8D-4447-8619-5789F0DB6664}
Bus.160, {F3630145-4761-42D3-81AF-18E652C949E8}
Bus.61s, {070E665A-4A55-475E-8D7D-75A1B0147580}
Bus.300_open, {B5D31F60-F865-4382-8DE8-7CE6320DA6F3}
Bus.94_open, {CFB0D60B-FB72-4FD3-B14D-7BBBCA942FB8}
Bus.610, {C1A61342-D633-4D70-A385-ADF9D556F2A0}
Vsource.source, {83156CF6-CB3D-4AE6-9858-5C6E96905D80}
Transformer.reg1a, {EC67FC7A-A4A4-4832-9FE4-BEB699692E9A}
RegControl.creg1a, {87B99AD2-DD33-4D50-9A43-99E59775443D}
Line.l115, {F566B7BD-0C23-4081-BF14-D5AD78985F95}
Line.l1, {93CCE99F-E5B9-4680-9426-5517E75F7E6C}
Line.l2, {529EED88-EB1C-478D-B31C-5275FC06512D}
Line.l3, {C90658E8-72B8-43EC-B469-8E5AFD9454C1}
Line.l4, {7F4C636A-95AD-4E6E-A6AF-0BC8523D2F0F}
Line.l5, {9031AC66-7F17-4B2C-B08B-7609F03E848A}
Line.l6, {0B17C332-7B2F-423C-8FC4-D63A5A9ADCD7}
Line.l7, {CC2BCA92-870B-41F9-AA56-58734E5F1023}
Line.l8, {89A88F22-5AA6-48E8-8770-6ED7B6F6E384}
Line.l9, {CEC5C108-8E78-4C6E-AAE6-3CAC0EB71193}
Line.l10, {1EDA13BB-BA19-454E-9A0E-C3115DE6ACA9}
Line.l11, {53B791B3-60CB-4AF3-B48A-88BBBF6F59B4}
Line.l12, {34298338-A48D-4055-AD64-B76CEFDFF827}
Line.l13, {4ECB6F41-7C5E-47F1-A41B-41910556CD6B}
Line.l14, {D05ADA0D-5658-41C7-B658-3F3D6034D8CB}
Line.l15, {5A3AF5AB-0E3D-46AA-83B1-54A1C6586629}
Line.l16, {3068FA21-AD40-4BCF-A4A9-04977C6DFEA0}
Line.l17, {BE0FADB5-18F3-4E7E-AE22-898B384A1482}
Line.l18, {2A1FB0F6-18B6-49FA-BBAB-C71E0BFBEBFC}
Line.l19, {19B0080B-EBD5-418A-9672-707CCCB70F50}
Line.l20, {82E92C03-CFC2-4045-B77B-F9B209A542A9}
Line.l21, {CCF009C4-A4CE-4603-8E39-65E938DC1848}
Line.l22, {F845FEB8-BE3B-4DB1-A961-9078A702FA07}
Line.l23, {C84568E1-5143-4467-98EF-B61C23F87969}
Line.l24, {638DD51D-72BF-46EA-BD90-9C39C4B412F7}
Line.l25, {6FA2C794-DE87-47A7-BEA0-6AD4C61FFAD1}
Line.l26, {5A67EF4A-9182-41E8-A8E8-FAA3EA00B4E7}
Line.l27, {8394E711-1D74-4A83-B80E-3D1A2C9FDB03}
Line.l28, {960CC272-6041-4257-A2C7-34928EB995FB}
Line.l29, {9CE3E559-D013-4F3D-AEA8-8732F38B48D6}
Line.l30, {EEA63CA2-A689-48DC-95EF-C21DF3C6230B}
Line.l31, {DEF4E9F3-884E-4E94-B477-296C0E534CA6}
Line.l32, {031B2B4A-AC10-4C9D-A898-A083B831BF91}
Line.l33, {7FF1FEB6-2117-416B-A719-32C65F68B00B}
Line.l34, {F9E5A624-6F4B-4A6B-A47F-45D814DC86F0}
Line.l35, {DD698E4C-3271-4192-B408-99AA50B6CB4C}
Line.l36, {9DA1D522-BEF0-4E13-96F0-4E4216FBE69C}
Line.l37, {1B2B22C2-683C-41F0-A218-A34F33A11A08}
Line.l38, {F511C1A4-2667-41CA-8125-68950F66E000}
Line.l39, {36FDC469-2637-4EFA-BF59-8C650865244F}
Line.l40, {92205AC1-FC02-4278-9626-997A3E7A234D}
Line.l41, {B74C5385-BCBE-4E46-9A69-28F2F2700385}
Line.l42, {522A356E-4406-4903-B36C-E102BD22E6F0}
Line.l43, {D2C37017-E4D0-4FB5-B920-B3EF31A2643B}
Line.l44, {9C000AD1-9527-4351-84BD-F2F54E313C30}
Line.l45, {007DAB75-3EAF-4837-B40D-6DFABACB141E}
Line.l46, {70802045-E483-4802-B52C-9A5C5E37110A}
Line.l47, {342BE273-5D51-40C9-B3A9-D5518B65BC81}
Line.l48, {2D62F96B-F9DE-4395-9805-6388A61EF831}
Line.l49, {51103227-F71A-41F6-B1F8-CBDA802C78FA}
Line.l50, {0087E94E-924D-4D9E-8856-18D6A3D183EB}
Line.l51, {A43F4E94-F684-47AE-9768-615358BAEC52}
Line.l52, {98A4503A-45E7-4BC1-9887-C350540944C0}
Line.l53, {B553CB40-8F9F-45C5-B852-E6E4595B9844}
Line.l54, {94CF797D-6CF3-482C-8854-CAD67FD68BBA}
Line.l55, {C73893D1-E23A-486E-87B5-8869C77C41A8}
Line.l56, {83C3E92C-A1C3-4399-BD8B-F17D585A0A4D}
Line.l57, {DA453FAC-006D-4D4A-9E91-036C0D76BA12}
Line.l58, {A929B711-1239-48E3-A1E4-60EADE6172FA}
Line.l59, {D01C18DA-8B27-4DB0-8A14-4DC23FAD375B}
Line.l60, {9B4A20FD-5C0E-4888-8943-60474AA0F77A}
Line.l61, {C9C2FA07-AF82-43A8-8CE9-00CCFCD09799}
Line.l62, {5FF64591-6A48-4966-9434-B87F556EBAEA}
Line.l63, {46AB00AF-89FD-416E-A03E-158A9DB0A49B}
Line.l64, {0B673A1C-1658-455A-9654-ADD8ED653A7D}
Line.l65, {CC85065F-56AC-486D-BDED-1E43EDB61716}
Line.l66, {D736CA78-4C44-4E81-A819-97745C18EA3A}
Line.l67, {3C4FEF40-FF30-4D67-B48E-D11849CA7688}
Line.l68, {EAD1495C-EE34-4595-89FB-8544F25B50AD}
Line.l69, {323CA6FB-AE36-4155-8A4E-58C996CFAFFC}
Line.l70, {73274122-4311-438B-8958-0122C8308B81}
Line.l71, {916EA23C-DCE3-4EE8-A69C-2B031A7F5714}
Line.l72, {B6281FB9-146D-4B2B-A297-49A0CBEF4120}
Line.l73, {86E7BBFB-225F-4DED-8FD0-6CB3A679EA4B}
Line.l74, {05353081-F989-42D3-813E-F454E8C39CE0}
Line.l75, {1D28E5B2-026B-4CD9-B69E-AF271E416365}
Line.l76, {28704FEA-25CD-4719-902A-12C7E644A365}
Line.l77, {132A3BD3-F3B4-4B73-BB70-EEB387720D4B}
Line.l78, {17B75915-E2F9-4698-ACF5-53C9EA36D317}
Line.l79, {95AB279A-C88B-4068-88F7-E525DD65E059}
Line.l80, {569622B8-35BD-40B2-8F10-9E148B25B1EC}
Line.l81, {E56CC703-C666-46B4-83EF-C460E3639584}
Line.l82, {D4D47704-345A-41CD-A531-733E9E76BB2B}
Line.l83, {6D095E21-0C98-4895-813F-FD14E187361C}
Line.l84, {F313E0F1-BCC6-4888-AC04-E0ADD3BE9FF9}
Line.l85, {DC21507E-A404-46F7-9787-53A792F5E841}
Line.l86, {5B88A852-4DE7-4ABE-9986-10C92CAB9A22}
Line.l87, {6A503ED8-B049-49EC-8562-2CAC50C30338}
Line.l88, {6F46F176-B6EA-47BD-96D2-6BE60DCF8F22}
Line.l89, {3E83020F-0828-44DD-B1CC-F71DE9F29D9B}
Line.l90, {E9E95E4C-FC6C-4F26-8FAE-056139693CE6}
Line.l91, {DFD41018-C8FA-4559-901A-3CD6D689EC1E}
Line.l92, {551ABA4D-1991-4E1D-8DEE-03BF84A72053}
Line.l93, {D7533F80-3F65-4637-B2C0-B4374C53DB27}
Line.l94, {FBACEAEE-5CBB-4810-90B4-380F0189048B}
Line.l95, {1BDDA5B8-7F9B-43F2-8D2F-89B2305536CA}
Line.l96, {A05561A7-623B-4DF1-8807-03DDD82966CE}
Line.l97, {1AC359D0-7E05-4F6F-AD52-9297D4F63466}
Line.l98, {BD06DC76-8D47-4A62-96A2-89B56AB72400}
Line.l99, {6A0B76F2-E43E-497A-AE66-13BB4DDFBE86}
Line.l118, {A13AC97C-79CF-4B10-847B-8ADB89C8DDDB}
Line.l100, {C3F4653C-57DB-4972-9E8F-2CDAD46EE915}
Line.l101, {FA8ED3B6-CA0D-4C96-A026-65739D8B0741}
Line.l102, {3B525C3A-6A05-453F-A401-3888E0B0C852}
Line.l103, {2C0E87FC-0B61-43D7-8BBB-5C164902C5A1}
Line.l104, {E131C88F-01EF-4D69-82BD-15A26E4DD56F}
Line.l105, {8D89E8BC-5CD5-4CB3-B03E-CE177D2E764F}
Line.l106, {5B28177D-241E-45B8-902A-847E1387CD35}
Line.l107, {6B76C719-450D-4AF8-96DE-F9BFEDB91892}
Line.l108, {09803ADD-65C1-423A-8FA2-48F08CE46AD7}
Line.l109, {3C6A3ECA-5F97-4BCD-A3C1-072CC9443EAD}
Line.l110, {DF0947DA-43EB-410D-9FDD-3100FD857A9C}
Line.l111, {3CB851B8-1115-4872-8133-A64DCEDC5C25}
Line.l112, {CDB79E5F-CE03-4D50-954A-BB482CD6ECFF}
Line.l113, {30177760-EA26-424A-8A97-2DFE3A568304}
Line.l114, {878F8651-8D31-4228-93F7-D798B193D142}
Line.l116, {38DD726E-4620-4F8C-87C0-3D001926724D}
Line.l117, {CA7121F2-2489-4FD9-B2B6-A1CA8E0AE122}
Line.sw1, {1E945A76-0208-4718-A3C7-9DB26BE7BD68}
Line.sw2, {5BBC3A12-CE2A-4530-869D-86E23AE89236}
Line.sw3, {155A75AB-1750-480F-B4D8-5EEBFDD84524}
Line.sw4, {B88D1A1E-DBC5-44EA-8DD3-F470CA64CF3C}
Line.sw5, {E0E04520-415A-4076-B0F1-5F90716A5CCF}
Line.sw6, {19D6C41F-6C1F-4707-88EA-EC772AD746FE}
Line.sw7, {829E1E82-B112-4EA5-80D5-D395E11DA32E}
Line.sw8, {B52A6D16-B63C-458C-B834-10EEDEFDF577}
Transformer.xfm1, {5764AF5D-AE6E-4B16-8407-EFD080E6E094}
Capacitor.c83, {B4EE033C-5C13-4DE2-A685-2C62B276AAE2}
Capacitor.c88a, {8476B958-9A6C-4F2D-A7F8-8D91024D30D4}
Capacitor.c90b, {6DB438A3-5A48-42BF-BE61-68B1E2CE4B28}
Capacitor.c92c, {C6317EFF-6462-47ED-B205-F1834D3D6BAF}
Transformer.reg2a, {0FE8331E-20C2-429A-BF47-BB1A60AA1781}
Transformer.reg3a, {591B1AE8-A7A3-48EE-A24D-16D23828A650}
Transformer.reg4a, {1D7BD78C-5400-4A8F-A996-A4882F7E336B}
Transformer.reg3c, {0B3015BE-D5C2-40E8-B432-9CA6648DBB72}
Transformer.reg4b, {41C2045A-9F50-4094-B1DC-5061AB16640E}
Transformer.reg4c, {3E8E7ED0-0A99-4C63-B376-A9130F53B30F}
RegControl.creg2a, {F013340C-594C-4066-A312-6174C777B617}
RegControl.creg3a, {15EE93E6-763D-454B-A4F2-D1F00E1D408A}
RegControl.creg3c, {8ED8EC10-8A8E-49AB-ADD1-0DC92DEA925F}
RegControl.creg4a, {5C9839EA-15BB-47DE-B500-96616F196A0C}
RegControl.creg4b, {DCE885AB-C745-48F0-85CE-79E02615ACD8}
RegControl.creg4c, {A672E89A-3B85-4D57-BD97-D08C2D3B9DA4}
Load.s1a, {87672F7B-389F-4521-8992-C2A6E08AF550}
Load.s2b, {EFF710FE-D1E9-4F42-A2C5-3E4E901DC63A}
Load.s4c, {A1DECCE2-1F99-40A0-A9FF-3614BC1DC5EE}
Load.s5c, {467B3C04-54E6-4337-BA05-FAE6B865675B}
Load.s6c, {F73C1899-81BE-4E33-915E-13BFD47F368A}
Load.s7a, {5E7A4F02-5A3C-41DC-8A91-E7BE34E97C9C}
Load.s9a, {BE820351-5EF8-4E53-AF56-055628F2411D}
Load.s10a, {E7F4CD46-368D-444A-9CD3-9A80B640B1E1}
Load.s11a, {BF8522B8-CCD0-4B9C-8F44-4C98EB9AFE5D}
Load.s12b, {C58F6F22-02B3-4F48-B783-4D582134BDF1}
Load.s16c, {CDB0F734-B7D0-491E-943F-24176529582F}
Load.s17c, {5184D767-4AAA-4CC7-95F8-C4B9218C0FDA}
Load.s19a, {AC2DDDEE-7B07-4202-AC99-4F7DA4AFA576}
Load.s20a, {6A28D4A2-DFE4-4383-935F-60C3454964CC}
Load.s22b, {C8772726-B284-4E84-B50C-E5852A4F1059}
Load.s24c, {889F8306-ADB1-4A6D-8FE6-C1C17AF98E99}
Load.s28a, {C510BF0D-00F2-45D6-BE7B-A815CEEF7AA3}
Load.s29a, {B1CFD410-548F-421C-89CE-AE8AC100D017}
Load.s30c, {B50B66C8-7C74-46A6-B69C-444329D54E57}
Load.s31c, {C5DFE2BC-20F6-4811-A132-BC0698E3467D}
Load.s32c, {7DE4BD78-0785-4D06-B4FF-2FCC302D473E}
Load.s33a, {3135F547-6004-47F2-B6ED-2285444D1E95}
Load.s34c, {47D6ADFA-166B-4C8B-A6B0-06A920172A8D}
Load.s35a, {C630B349-0ED7-4B9E-8C72-5EFEF56A3422}
Load.s37a, {3E9A587A-70BF-41A7-AA61-C8E217375221}
Load.s38b, {686031B9-CA4A-461F-B07A-D1E13E25B357}
Load.s39b, {93CA1D88-194B-4418-99BA-E9A098061327}
Load.s41c, {98E5D38F-22F6-4FD0-BFC7-67A824DA6804}
Load.s42a, {65762D8F-6976-4ABC-82BA-36860024500C}
Load.s43b, {A689E0DD-132B-4B78-A96C-23798AE8513E}
Load.s45a, {478AD69E-F48E-40C2-A411-B01C5840E60B}
Load.s46a, {41266876-C12E-42E7-B80E-BF329181978D}
Load.s47, {8D4DFF1C-8833-4EA2-AD15-C9823B104D78}
Load.s48, {301D4D64-E942-482B-977C-7A6CFBB8450F}
Load.s49a, {623C95EC-D509-4904-987F-E506BB733B9A}
Load.s49b, {42611C51-07F8-40DC-BF3C-CF19B6F86A57}
Load.s49c, {43E0BC48-EE4B-4D6E-8EAA-0F01FD08F995}
Load.s50c, {EB3593B5-9892-40B4-B480-AA256304166B}
Load.s51a, {DB77885C-90CB-4A14-877A-AF73D31E8CF7}
Load.s52a, {03DE1F05-B557-405D-ACC9-F6F23D790710}
Load.s53a, {1C4E900F-79EB-4D9F-9ADB-30105BC01DE2}
Load.s55a, {643D85BD-3807-40DE-848B-93584B8D5C64}
Load.s56b, {2A107AEA-2817-42C6-997C-9FEA75FD6AB3}
Load.s58b, {E74D2E04-D5E6-4FFE-B98F-1EF09602318E}
Load.s59b, {882A52EA-AED5-4065-AF8F-6285C527B8A3}
Load.s60a, {16330AF7-A3A5-476F-8C5B-B2C582492E01}
Load.s62c, {967C6FB6-38FB-4056-AD17-7D70F5E138FD}
Load.s63a, {8B460874-8E86-403B-91EF-38D8581C17B0}
Load.s64b, {1EBD9843-F2B8-43D8-9250-B791F0FA431F}
Load.s65a, {1192A405-8942-448F-95B9-CA98FA082934}
Load.s65b, {21795056-AC4B-4EE2-B471-7230F0D55091}
Load.s65c, {9E8967E8-735F-40D8-916E-B2978E363611}
Load.s66c, {31DEB767-FA7F-4951-80E4-44675FC5ED79}
Load.s68a, {96E16042-922D-4B77-B4C1-31EA7CA3C448}
Load.s69a, {C54BB387-3C49-4477-9EF2-ABD5526F4CB6}
Load.s70a, {F29AFBCA-7D84-4B11-B889-27884DB551D3}
Load.s71a, {D2EC9ED0-73C3-439B-907D-F1FEEB8C8805}
Load.s73c, {50C46660-1152-4F31-A390-FEC12EED0D0E}
Load.s74c, {30AEA139-8057-4517-B447-696ACFFF6AB0}
Load.s75c, {566DC615-6B44-4E99-815F-63F7129ED4A1}
Load.s76a, {65CD5D93-63A2-4D82-8D54-6B4377F5FD2B}
Load.s76b, {D917D277-F1E8-442D-B1A9-81FF99BC09EF}
Load.s76c, {F6C8887A-8137-435C-BCC1-C48EB12CEE54}
Load.s77b, {2B56B9F0-2687-4BE5-B0CD-5FCB01286E93}
Load.s79a, {32AB1CF6-ED7A-4A5E-B3E8-3E41AEBD2394}
Load.s80b, {91AC263D-9DC2-43AF-AD04-DE6DE281B405}
Load.s82a, {6151C312-B51F-4722-A1E6-24463DE6664B}
Load.s83c, {74BF4A55-8E28-474B-9B54-BE977961515E}
Load.s84c, {F778A785-18C2-4C5A-9B76-8DE87CE8D95F}
Load.s85c, {54EC12B7-8072-458E-B492-DE64C7EED66D}
Load.s86b, {AB74F7FC-2486-47F1-B43E-1A4C2A8F4231}
Load.s87b, {2B589251-AA89-4389-83A2-1FA93B4A84A6}
Load.s88a, {D152F1C9-67C5-4718-9381-370488D23726}
Load.s90b, {FD6DBC53-32CC-42F3-84AE-CD1CFCA183B5}
Load.s92c, {AD35FCC7-B752-413B-B4AD-7B5EBE2165EC}
Load.s94a, {ABF55A27-DB86-4888-B64F-2213141465BB}
Load.s95b, {224B4C44-3599-461B-B0E1-52AFF644934D}
Load.s96b, {CFD53600-5653-4332-BBA9-1E8110B0C6BF}
Load.s98a, {50439C5E-EED9-4D52-B155-903CDF4A8BBF}
Load.s99b, {DC348DFC-1D56-49A0-B384-1C2CDE373CC4}
Load.s100c, {0B345040-62E5-4462-A783-B50ADD742203}
Load.s102c, {88B98ACD-3BF9-43E3-8854-C5E09C508DA3}
Load.s103c, {C426B9DA-DE9A-4717-8E33-5D2C38DBFCE7}
Load.s104c, {C6BF8B25-51DB-40A8-9EE3-159FC7027193}
Load.s106b, {12819682-1322-4A83-BA80-589F26921AD6}
Load.s107b, {0D1D8A91-6409-4FFD-91D9-DCE861AD835C}
Load.s109a, {902B50BC-3DBC-4719-92BE-9C915EEE7D44}
Load.s111a, {D3C46511-1B4C-4FEF-A960-398903E142F4}
Load.s112a, {D61E5D62-2F7A-44DD-B078-5F550580B553}
Load.s113a, {0A9F75C7-02CB-4ABC-BDFB-FF2A8AE46E4C}
Load.s114a, {7F9A9E0B-1171-432E-AE32-8818986E7393}
LineCode.1, {B055DA8B-3DD9-4D2E-9516-1A7D9686F7D2}
LineCode.2, {DA09D1AC-6E95-4E4D-88D8-FDD3860546ED}
LineCode.3, {C4F4C474-211F-4BFC-A06B-46BFAB1A57A2}
LineCode.4, {04C1B986-D2B8-4F93-9D2E-B77165434445}
LineCode.5, {695A63EF-C52D-4ABF-B30C-8726AC94A29B}
LineCode.6, {BB1027C4-36B7-421C-9380-3CB8CEFA2C81}
LineCode.7, {A68244EB-CF4C-4086-BEE7-5B9DF6DDF0C3}
LineCode.8, {5F842B7B-E319-4C06-BB37-B9D0D291A864}
LineCode.9, {1D5B1EF9-3EA2-4804-B932-91C21BA4F046}
LineCode.10, {3F337BC3-351D-4D9D-8A80-CD79BBB045DD}
LineCode.11, {60AE7FF2-6F66-483F-AF4B-6E23ECF6381B}
LineCode.12, {882D3076-625D-4301-8CE2-769DF355A56D}
LineCode.300, {A1FBC694-41BF-4A78-AC9B-CC0AFE991EB5}
LineCode.301, {E1C8EFF4-3119-41FD-9864-1F183BA80A55}
LineCode.302, {861289A6-EFB9-4FBD-B6CC-E81C8C19A4CA}
LineCode.303, {F09A2C1C-D279-4A1A-A39A-8DF813037495}
LineCode.304, {AB4CBEC3-ADD7-4475-9F1C-A3893338C6CD}
LineCode.400, {3C56B167-4F5C-4302-A182-B95DFA55F76C}
LineCode.601, {C2D5F3C8-1DF2-440E-B07F-D90355D46EDC}
LineCode.602, {C16CC684-DD0B-41E1-AB90-5C3917A653FA}
LineCode.603, {D47C936A-24D3-48BC-90CC-AC4ED85C8863}
LineCode.604, {C2CECDFB-4A17-4D2D-8BF8-8A7EF968646E}
LineCode.605, {0FAC7421-CCE7-4C68-AF8F-0BE507D71214}
LineCode.606, {72D64C4D-475A-44C5-B573-563F8184F888}
LineCode.607, {367FEC0E-4DB5-434F-B810-BB0E4E6746BB}
LineCode.721, {C2240737-772E-4A3C-BA88-90BA6FA81F5B}
LineCode.722, {19DFED55-0054-4043-AF79-BB5ABB2A01B1}
LineCode.723, {71FC2A8B-36F3-406A-B2BC-3D88A38C1643}
LineCode.724, {FDE035CB-EDC6-489C-B0AD-7AD62A6D5C4C}
XfmrCode.cimxfmrcode_reg2a, {E8BA442C-FA74-4B6F-A6CF-745CE24CF4A9}
XfmrCode.cimxfmrcode_reg3a, {1CF69FE0-64F6-4170-B3B9-1503C6736D3C}
XfmrCode.cimxfmrcode_reg4a, {30230BF5-B2DC-4FCF-B7CD-F2A539F2F29F}
XfmrCode.cimxfmrcode_reg3c, {144112E0-F61F-4E4E-8C66-11BD5AE9AEE9}
XfmrCode.cimxfmrcode_reg4b, {D358D129-703A-4922-98F5-2A831946D37E}
XfmrCode.cimxfmrcode_reg4c, {E43D7B91-87E8-46DC-85D3-D874EDF5C67E}
Station=Station=1, {2190832F-46EF-4F6A-BEC2-A83F3674C83B}
GeoRgn=GeoRgn=1, {9CBBB2A6-B274-4748-A901-FF2352FFADF4}
SubGeoRgn=SubGeoRgn=1, {800B2127-610F-476E-8814-98FC98F7D0F8}
CIMVer=IEC=1, {672A08CC-9CDD-43DB-83B3-81F12BB654EE}
CoordSys=Local=1, {9EAB4A0F-394B-4F5C-A69D-35AE23765856}
FdrLoc=ieee123=1, {0A4EC86C-A851-4F17-92B8-2458F5336CA1}
TopoIsland=Island=1, {51B9E05F-C518-4A88-BFD8-C94A28315695}
OpLimT=NormalAmps=1, {54D0259D-8D3A-4184-AF4B-E2E29CE5CC6D}
OpLimT=EmergencyAmps=1, {84F3B707-4DCF-4DB6-A3C5-5A88046E31F4}
OpLimT=AHi=1, {4630208B-A3C2-40F3-B347-FD9DC1332FF8}
OpLimT=ALo=1, {6FD5D5A2-7677-42B5-8251-CE67191DE5E4}
OpLimT=BHi=1, {4B7D309C-26B3-4470-B974-BF3CD87030E7}
OpLimT=BLo=1, {73F178B5-5D2D-4096-8ACA-945B8850D540}
BaseV=BaseV_4.1600=1, {BF7C8A7D-606B-416D-95AC-D8627B4EF727}
OpLimV=OpLimV_4.1600=1, {66DD5EFE-C3D1-44DF-8D15-B5887D40AB04}
OpLimAHi=BaseV_4.1600=1, {3C863335-3819-47C6-958F-07BA69227DDD}
OpLimALo=BaseV_4.1600=1, {ACCC8FF0-ED08-4952-B6AB-CC73842CF9BB}
OpLimBHi=BaseV_4.1600=1, {FEF9391F-83A9-4BB5-ACF8-8DBAD6C61B30}
OpLimBLo=BaseV_4.1600=1, {0AFFD701-6630-4532-A522-0736DF30A7DC}
BaseV=BaseV_0.4800=1, {D6296AC6-8DD2-4511-B312-FF0D0DF5A2C8}
OpLimV=OpLimV_0.4800=1, {683F8681-88F8-4DEE-9F22-CA345792B8E7}
OpLimAHi=BaseV_0.4800=1, {6CFD2F37-DC01-40C3-BCE7-57A14A89F830}
OpLimALo=BaseV_0.4800=1, {37D13515-1531-42D9-9777-CF2C424CAB6D}
OpLimBHi=BaseV_0.4800=1, {BF298BCF-64D1-4AF0-AFF5-7F405DEC72AC}
OpLimBLo=BaseV_0.4800=1, {5FB24D2D-5539-4BB5-A4AC-82B86D82425F}
Topo=150=1, {2D65D40D-E36F-45DE-ACE0-B971D629750D}
Topo=150r=1, {778C2F79-FDB0-4EE1-8F6E-1F8DDA240148}
Topo=149=1, {4A0C4275-3F91-4F88-82CB-43233CCCEE13}
Topo=1=1, {C2C29037-802F-42EA-BEE0-DE9EE2773220}
Topo=2=1, {946F11A6-3DA0-462B-AF1F-E241991A2234}
Topo=3=1, {7038E6F4-5F8D-49F1-9C97-C50916C1339D}
Topo=7=1, {C25B9A16-DFEC-47FA-A84D-370B91AC145C}
Topo=4=1, {A984C579-6CC1-455F-BC47-AE7428638401}
Topo=5=1, {47199BF9-50F0-4277-8AA9-8F72A22DB6C1}
Topo=6=1, {DB13B8CE-5BEC-4DEA-9267-0400EBA82018}
Topo=8=1, {30C158E2-C54D-464E-B639-901D719C8649}
Topo=12=1, {0BABD173-7316-44A2-8BBA-048FB95F2D8A}
Topo=9=1, {550D6006-484F-4A30-A582-4B527BB856B1}
Topo=13=1, {242F25F1-D751-4BFC-A659-B619DC04F0AB}
Topo=9r=1, {43C8FDBF-EDD6-42F3-A8DC-F068EF0F96B5}
Topo=14=1, {1162F986-0DE5-402E-BC29-19D9E89D23AE}
Topo=34=1, {276092AA-EAD7-4359-A1F3-2B8FD799CBD6}
Topo=18=1, {0D062793-25FC-43A9-8F0F-741EF11778C4}
Topo=11=1, {327AFACC-4E6F-44B0-85FC-45299507B2C8}
Topo=10=1, {FA0FEB51-1148-47C2-875F-4663FFB435E7}
Topo=15=1, {94BB3182-09A4-4FAB-84A6-F78610C4B7A4}
Topo=16=1, {52E70D14-74CD-47A5-9895-3B802A9F2C93}
Topo=17=1, {CE54E949-C868-4360-B62C-CF17AE90B902}
Topo=19=1, {AA43F171-3D1B-49F5-AAC6-3A83EA46431C}
Topo=21=1, {F772AF53-F7ED-4001-AB8F-31A11306324E}
Topo=20=1, {940C6621-4F71-4CCB-8507-E07082C75DBC}
Topo=22=1, {1823A974-073C-4E52-AC74-4D079E0E0EDB}
Topo=23=1, {9A3280AC-C94A-4200-8A4E-8C39D8C81182}
Topo=24=1, {649E0861-477A-4878-8EED-83667D516090}
Topo=25=1, {F9D8A689-9C99-4AA8-8C50-D10E161AC3CA}
Topo=25r=1, {5DDE52CE-F91A-4658-9EC7-065B94CCB090}
Topo=26=1, {DE8D19C5-E580-4DBD-862B-03DA5F145F2D}
Topo=28=1, {82E44C09-2520-419D-A46C-EECEFD81F17C}
Topo=27=1, {FFB43CDE-837D-4C7A-9418-4264F332E80A}
Topo=31=1, {7E23A285-F0C8-4A47-8656-72DC6808A8E7}
Topo=33=1, {BFEE75EE-875E-440F-9BC7-98735463D8EC}
Topo=29=1, {FF753A55-9AA9-4535-969B-CF49E8CCFBF2}
Topo=30=1, {EAD26454-A468-4CB1-9C4E-9A68F3E8D3C3}
Topo=250=1, {1BBA73F2-35FC-42B1-9A95-689DB9E78C2B}
Topo=32=1, {6B209F1C-9EC6-4F8B-ADC2-7A5B1EED36E1}
Topo=35=1, {3BA59E70-F7B0-4FDD-BC00-AF4FC23D7BBA}
Topo=36=1, {98F6424A-967D-4D49-BC4A-07DE8FD2BEE2}
Topo=40=1, {E8AC1079-26CC-478D-B44C-2C1A67E5E8BA}
Topo=37=1, {6A9207B7-56B4-4EDA-A04D-DDB8F29F508D}
Topo=38=1, {E6341063-5408-4C50-818D-556859FBBD79}
Topo=39=1, {19409336-710A-4262-95D0-A6C05D51F066}
Topo=41=1, {91DBAA20-B899-4AD8-B37F-7943B78369B6}
Topo=42=1, {67F25AB0-663B-4B6D-B6BE-F26862FFE7C8}
Topo=43=1, {7B13D7E4-E45A-49FB-B3D7-CC9ED4CFC441}
Topo=44=1, {40993EB2-D8CD-435F-888C-3E784015B573}
Topo=45=1, {7AFFACA0-151A-411C-8951-921400C74EF3}
Topo=47=1, {4253EDB8-CD83-4A9E-9588-E63E5373F2F3}
Topo=46=1, {4821537E-677E-4437-9B50-6F60F85B0FA4}
Topo=48=1, {AC4E25F8-2DE3-4C6C-B053-87762077E2B0}
Topo=49=1, {047EE0F2-AC54-489C-B8C9-E81826BAD6B4}
Topo=50=1, {7A5AE900-84F8-45E2-80AE-C1DC7BC2611C}
Topo=51=1, {192AD77A-2A34-43E7-8680-83998A1879C8}
Topo=151=1, {2D7B5CA5-07BD-4CED-8D88-EB23280614A0}
Topo=52=1, {04677A8F-7FA4-42BB-AED2-9CBBFBD3CDDE}
Topo=53=1, {EDF28015-653E-4663-9313-9D78566B67D0}
Topo=54=1, {11FF8629-7328-4705-AD48-D7E4E05AA9FC}
Topo=55=1, {D432AB4D-E00E-4BD3-8B99-34772011C43F}
Topo=57=1, {9DF18D9B-ED0C-4863-A161-E6CFA588D71C}
Topo=56=1, {3B96BE46-2B02-4468-A415-CE9BE0612F3C}
Topo=58=1, {280AFFC6-A10F-4E13-BCB8-A6BC2AA266E8}
Topo=60=1, {430E249D-3C6F-43FA-8B2D-E38185AEF4CA}
Topo=59=1, {E0FBC0D4-AD65-413C-9895-B52B52219E0B}
Topo=61=1, {745570C0-DE0D-4EEE-8E13-795E4C0787AF}
Topo=62=1, {232B5F31-B52E-4B39-AC24-44A4F0C90512}
Topo=63=1, {3DE66416-CC4F-446C-8461-1C61E47FE4EA}
Topo=64=1, {9EBEEDE3-1855-464C-8D78-2C4402C7B48D}
Topo=65=1, {E1432F9D-F374-454A-8536-CE7BF3570F85}
Topo=66=1, {F3032C85-7216-4883-9025-FB6A16159916}
Topo=67=1, {2CB68653-C7DC-4634-B5D1-11CA4D3C3D09}
Topo=68=1, {BB07FD78-10F4-4AA3-874F-A70DA4AD3962}
Topo=72=1, {385AEB17-F065-4C69-8D7F-6E4010832694}
Topo=97=1, {57E68643-DF15-4174-BD58-3BADBB7E82D3}
Topo=69=1, {1C2C04BB-153C-4C66-92F2-FAA4B4823EA8}
Topo=70=1, {8365C2C2-C832-4193-9037-DD0CE9FEC13D}
Topo=71=1, {86AAD4A5-8A3F-4F9F-8DB1-25601D1368B2}
Topo=73=1, {BDBABDBA-AED9-460A-A214-54A902B36844}
Topo=76=1, {858C8468-2578-4ACF-8CFA-A6E7D8AEA7E1}
Topo=74=1, {F38041BD-153C-4497-A24B-51E7F515FDA1}
Topo=75=1, {A2A041C3-6259-4E2B-A5B9-96E1EF4B056D}
Topo=77=1, {69CC40D9-C067-4265-9751-B658A1256AAD}
Topo=86=1, {18FE3CAD-F12F-4BF5-9311-C0DD4FA1D41D}
Topo=78=1, {09D90ACC-B6DA-4841-81DF-13FEA2DF3AA4}
Topo=79=1, {CDF315CC-C69B-48AB-808C-B4C90E485B15}
Topo=80=1, {08C8EF2B-A127-40CA-B757-B612BD6BD837}
Topo=81=1, {BBFD1EC7-EBCB-4A19-9925-A5A0B5FFBDBC}
Topo=82=1, {6CC12C6C-B391-428B-8BF1-5A2E6E43E65D}
Topo=84=1, {FB5DDA94-B210-4B3A-95B8-16DC4B0F22A4}
Topo=83=1, {B63B319A-9E79-4432-B8F5-E629E2AB0082}
Topo=85=1, {2D040CD2-8BDB-44D1-8A6E-2AB7315B5F79}
Topo=87=1, {5775D359-DEF8-40AD-831E-2F511FC6D30A}
Topo=88=1, {B3AFBFD1-991A-4CF5-977E-823745925AF6}
Topo=89=1, {5D9882FF-E261-4A6F-94EE-E63EB2A56802}
Topo=90=1, {1E198DC5-3774-4DC4-9C4C-50F63F3C7AE4}
Topo=91=1, {27920D1E-D903-4FB5-8345-ACC4AEB9FE36}
Topo=92=1, {E31C1E1A-E352-4298-9126-1547C28E5F64}
Topo=93=1, {5AF7D94B-3BCE-43AA-AA84-58039B439BC2}
Topo=94=1, {C5F84A87-4B06-46A3-BEE1-5708CE4FF9A4}
Topo=95=1, {72F04822-6BB3-4546-9C4E-1F702EDE1DF0}
Topo=96=1, {1C931288-71D8-4C13-A022-AB1312B8CE89}
Topo=98=1, {F05BD30A-3C6F-4DC2-8BC2-DB46790C7C1A}
Topo=99=1, {C0CB3B15-F176-4276-8748-E6A6881DDCD5}
Topo=100=1, {CC5684D8-3105-482E-AED5-531A5A007E38}
Topo=450=1, {AEFC53CD-99BE-465B-A705-3C8AF2A134A4}
Topo=197=1, {A7B7A86B-4DD9-4EED-B4B1-4B88ABC1B7D7}
Topo=101=1, {E5DE79FF-57A0-4855-BBA7-5FEBBDA67C8F}
Topo=102=1, {21C51D95-D0E1-4AF6-B787-43C947360F01}
Topo=105=1, {217AB3FE-027A-4CA6-A3B6-9530B502D4B6}
Topo=103=1, {8B006D6A-8A00-4D46-804A-7C1286853871}
Topo=104=1, {01F797C9-250E-4AB2-B5E4-08BC911A0FC4}
Topo=106=1, {9961F94F-F5B7-4DA3-8F2B-D5327AEEF445}
Topo=108=1, {64774D22-C382-41F9-93BE-9EDE66F0ACB3}
Topo=107=1, {2AE7C255-69A2-4287-A3F4-B0960708C041}
Topo=109=1, {BFBF7FD1-0720-4B1E-8D16-7166DF794B78}
Topo=300=1, {88F544D9-8766-4001-AE84-0C8C150A05A9}
Topo=110=1, {8DA87F30-5943-476B-9D58-C9E1FA05546C}
Topo=111=1, {5ACDBC9E-9B56-4A9D-BD4E-AECABB2294D2}
Topo=112=1, {5BB2EBA0-8AED-4515-AB51-9FE1B95DC0AA}
Topo=113=1, {327A1E05-9B42-43BD-AAD0-2D4FBE9A1635}
Topo=114=1, {4093B4F6-562A-4186-AAE4-4F55516DF37B}
Topo=135=1, {EA1F8FB1-01A3-4121-92F0-5430D95A6E3C}
Topo=152=1, {3045FBEF-2DBF-40B6-A7CA-E3D378FD8D9A}
Topo=160r=1, {91296816-464D-46B9-A7D2-61CAF733EF9E}
Topo=160=1, {8C761E44-3ED3-492E-A3B1-3033C9CF0A0E}
Topo=61s=1, {170C276E-5FA1-4017-8289-17CE6B563871}
Topo=300_open=1, {B96E9F4C-2FE0-4133-AFCC-BA525E7A9558}
Topo=94_open=1, {C8D0A3E0-A761-4CFA-A21A-6D12029826CD}
Topo=610=1, {10688301-8D70-4B19-9C8A-12A074A481EF}
SrcLoc=source=1, {AF59724B-A64E-48C5-943C-70995AB2589A}
25=source=1, {38737B64-18EF-481B-BBF5-EFC18A4D97E5}
PosPt=Vsource.source=1, {3D595976-936D-4A24-A108-9006FF785308}
CapLoc=c83=1, {00045C56-3F5E-4DD1-84FE-BC02B38E7BD4}
106=c83=1, {A88FFD6A-8CA7-4D01-A366-046B6F98B214}
OpLimI=OpLimI_112.4_149.9=0, {EADCF912-3B63-40DF-A5A9-5E4F90B59A34}
PosPt=Capacitor.c83=1, {A6AFF309-E95A-41E8-BEE4-61FBE80FD013}
CapLoc=c88a=1, {4C297C33-3EB4-4CB5-A46D-2D43BA6931A6}
CapPhase=c88a_A=1, {95535B96-803F-4634-9FA9-01EDDE6A4421}
106=c88a=1, {5BCCB1DC-E785-4F91-BC06-C039687AD976}
OpLimI=OpLimI_28.1_37.5=0, {0C916026-C665-42D4-B650-7489308A0928}
PosPt=Capacitor.c88a=1, {A8609C33-D261-458B-B857-D82EC70BC4D1}
CapLoc=c90b=1, {BB8B2E4F-F744-4C34-86E4-1BFBB3062940}
CapPhase=c90b_B=1, {D1A169DB-A257-468A-9145-EC1CC501B393}
106=c90b=1, {E3F5C467-6623-4089-B061-A201F8167FD4}
PosPt=Capacitor.c90b=1, {81DA2541-58F9-402B-BCFE-00330A808FE7}
CapLoc=c92c=1, {20B31DFA-A912-42DC-A017-0C4B2B1ED168}
CapPhase=c92c_C=1, {A7859593-67CA-4840-8A49-4A3C30CB56B8}
106=c92c=1, {C51E0D78-4CE8-43D5-A835-D2F70C0CA6B7}
PosPt=Capacitor.c92c=1, {BAE1C206-7C54-42D3-B1EB-595F5C11D78A}
TankInfo=cimxfmrcode_reg2a=1, {E8BA442C-FA74-4B6F-A6CF-745CE24CF4A9}
TankInfo=cimxfmrcode_reg3a=1, {1CF69FE0-64F6-4170-B3B9-1503C6736D3C}
TankInfo=cimxfmrcode_reg4a=1, {30230BF5-B2DC-4FCF-B7CD-F2A539F2F29F}
TankInfo=cimxfmrcode_reg3c=1, {144112E0-F61F-4E4E-8C66-11BD5AE9AEE9}
TankInfo=cimxfmrcode_reg4b=1, {D358D129-703A-4922-98F5-2A831946D37E}
TankInfo=cimxfmrcode_reg4c=1, {E43D7B91-87E8-46DC-85D3-D874EDF5C67E}
WdgInf=cimxfmrcode_reg2a=1, {6E5E397D-1795-4F75-8470-52BD5DB5CA59}
WdgInf=cimxfmrcode_reg2a=2, {B0301C66-10DE-4899-8756-23A10C84DA92}
OcTest=cimxfmrcode_reg2a=1, {E75940FA-EACF-4416-A8FC-955BDF683838}
ScTest=cimxfmrcode_reg2a=1, {420B376A-A6EC-4B8D-B410-F8387AA73D75}
WdgInf=cimxfmrcode_reg3a=1, {CDF9DFC1-25BE-49CF-8CC2-16F86608673F}
WdgInf=cimxfmrcode_reg3a=2, {E9341F48-024B-45D7-9050-81844FCB0848}
OcTest=cimxfmrcode_reg3a=1, {872F069C-016D-4C24-8B20-03908C6BFB47}
ScTest=cimxfmrcode_reg3a=1, {7722E93A-DC61-4BCB-8B0E-E4692B286B2A}
WdgInf=cimxfmrcode_reg4a=1, {F81BB509-B874-4EF3-A774-7DA848032739}
WdgInf=cimxfmrcode_reg4a=2, {42DF1923-5BE2-4A57-AD2B-EC7FB5EC1F2D}
OcTest=cimxfmrcode_reg4a=1, {C1EB351E-E1F5-4333-ADE2-E0BB8F1145C0}
ScTest=cimxfmrcode_reg4a=1, {9C2BCB38-46A6-4C47-9036-380BA2199A30}
WdgInf=cimxfmrcode_reg3c=1, {C5131F78-888F-4885-ADB3-7558A43928F6}
WdgInf=cimxfmrcode_reg3c=2, {A54B742C-B74A-49D7-9B77-A105504CBD6C}
OcTest=cimxfmrcode_reg3c=1, {DB39DADE-E36F-49B8-A22B-3F077A1B034E}
ScTest=cimxfmrcode_reg3c=1, {679D1EDE-54DE-40DD-9F90-7940AB004860}
WdgInf=cimxfmrcode_reg4b=1, {AEA0D251-8F4E-441C-990B-ECF06D7E10B9}
WdgInf=cimxfmrcode_reg4b=2, {CD60C10D-7A28-4743-8149-E451C1472828}
OcTest=cimxfmrcode_reg4b=1, {521FE18F-29C9-40A3-BADA-62F861441945}
ScTest=cimxfmrcode_reg4b=1, {1724584F-C84A-45E0-8FF4-CE865E0A40C3}
WdgInf=cimxfmrcode_reg4c=1, {B5B33976-3AD5-4CBE-82AE-226AB4CEBA60}
WdgInf=cimxfmrcode_reg4c=2, {CAEE4A41-8282-4B2F-84B0-54660DC7B9ED}
OcTest=cimxfmrcode_reg4c=1, {30C7E4B4-44E7-44CF-B3A1-37421F1EBA8A}
ScTest=cimxfmrcode_reg4c=1, {30637E34-74BD-4B27-A685-B82739423520}
Bank==reg1a=0, {A4F68548-3567-4E73-90EF-FE31460C1355}
Bank==xfm1=0, {D0F55BE6-983B-439A-B55E-F05FB2AD7D82}
Bank=reg2=0, {0E0183C0-D2F5-4114-BBC5-3425445FF6C0}
Bank=reg3=0, {7B8EE0CA-B5E1-4705-AEC0-96A41AC93B2C}
Bank=reg4=0, {CD2C0847-5291-48A4-85FA-C27959FA1C52}
XfLoc=reg1a=1, {148B393B-9B4C-4E04-83AC-009605C4E6AC}
PosPt=Transformer.reg1a=1, {C17E63F7-B832-4B2F-88E1-150910F2744E}
PosPt=Transformer.reg1a=2, {44D0D7B0-BE2C-4B17-B6BC-2D61BCF0963D}
Wdg=reg1a=1, {A0A9AF34-BEE9-40FF-AE14-BB051E71246D}
Wdg=reg1a=2, {C3A80EAB-4006-44FB-831B-D89132A556D0}
XfCore=reg1a=1, {44F2DDCA-C945-4D3F-8215-5BA0CB56589F}
XfMesh=reg1a=1, {3481FFE5-831A-4027-8CB5-5491C3522211}
XfMesh=reg1a=2, {380AAEF8-BCDF-499D-A341-F707804FB23D}
XfMesh=reg1a=3, {E32416E4-B88D-4203-B2BD-ECE2A4191C3C}
34=reg1a=1, {05E11445-631C-42C9-9E70-D768E121B390}
OpLimI=OpLimI_763.3_1040.9=0, {54BE6744-725A-4FE4-8494-AA927C5F923B}
34=reg1a=2, {97AC4BF8-0106-4492-A323-C32CE37449E4}
XfLoc=xfm1=1, {70387510-8D60-4B3D-9498-6D7C45B55544}
PosPt=Transformer.xfm1=1, {F6015AF8-F972-48AE-9885-83892B84E4F6}
PosPt=Transformer.xfm1=2, {6C333F6B-8727-41C7-9559-53336B4BB24C}
Wdg=xfm1=1, {E7B77CF6-2E01-4A2C-90EC-DFEEAC76A209}
Wdg=xfm1=2, {4EB4E753-9BB4-4C3F-B2F8-CFDC7571AB16}
XfCore=xfm1=1, {ABDB9914-688C-41BC-BAB2-F38390B49A30}
XfMesh=xfm1=1, {69EE9315-F953-4EF1-AADD-3C55CB459B1F}
XfMesh=xfm1=2, {627997FB-C0CC-407A-A669-8488DCD889BE}
XfMesh=xfm1=3, {85B143AB-FDA9-43A3-9C34-D7C4DC50E076}
34=xfm1=1, {3419254C-4972-44D2-A236-ECD50BB47152}
OpLimI=OpLimI_22.9_31.2=0, {F20786CB-0618-48D5-A09B-937F7971D4B0}
34=xfm1=2, {06D1ED7D-FE01-4912-B304-B9ED93C2983C}
XfLoc=reg2a=1, {AB94CA6E-27F0-4F2C-9B58-65955E57F249}
PosPt=Transformer.reg2a=1, {B6DEFDEC-D248-461B-AA88-A9ACC0FC40AA}
PosPt=Transformer.reg2a=2, {BC7216C6-CD1B-4850-8608-D98B3D18207B}
Wdg=reg2a=1, {F9352F17-1BA3-4BF9-8F95-5BB17A55A45B}
Wdg=reg2a=2, {0C5F63CF-BBF3-4E4C-A1AF-EE1FA9E1C9D0}
XfCore=reg2a=1, {857A92E7-6373-47FA-91C0-E14C1FD652A2}
XfMesh=reg2a=1, {59FE3F40-93B5-4E1B-908A-5F99BE5E20BF}
XfMesh=reg2a=2, {215983B4-1F3A-4FC7-8862-B14C1C66ED11}
XfMesh=reg2a=3, {1E322BB5-D76E-40D1-ABC0-D9A4598D6D47}
34=reg2a=1, {3447DF69-2373-4BB7-B041-4C2B27800B60}
OpLimI=OpLimI_915.9_1249.0=0, {61FBE193-8A03-44B5-8DC7-CD79CF056CC7}
34=reg2a=2, {813A514C-0C2E-4542-9393-2AA97F8D2397}
XfLoc=reg3a=1, {9076005C-F20E-4FD5-98BC-5A2D5BBA7948}
PosPt=Transformer.reg3a=1, {211D38BC-34D9-4526-ACB4-8127C1889C71}
PosPt=Transformer.reg3a=2, {1D8C4FF8-CBC1-460F-B5CE-443C18E3F03A}
Wdg=reg3a=1, {84E2C627-986E-4BF9-91E3-6A0077879ABE}
Wdg=reg3a=2, {B308F84D-CF6E-4EE6-BA90-35B753A411AA}
XfCore=reg3a=1, {C6D1D8E6-0551-4F64-BD9B-2E88C7F67588}
XfMesh=reg3a=1, {D2CE11DC-B770-447B-B7AA-2528F5560793}
XfMesh=reg3a=2, {8FB79BD0-10EB-4F52-8BFB-5513885DD3AD}
XfMesh=reg3a=3, {99932B73-98E5-4AE8-B405-DB7D19F885C8}
34=reg3a=1, {12202CAB-B243-4EF7-89D4-25A98C659477}
34=reg3a=2, {A9BDB81C-A65B-40BC-A190-3B460661FB14}
XfLoc=reg4a=1, {07A6B3AA-BFC6-4368-AA28-E6C0265FD11F}
PosPt=Transformer.reg4a=1, {AD4F5704-DEAD-4663-AEBE-3FE3ADE494D5}
PosPt=Transformer.reg4a=2, {C77C3604-15C8-415B-95E5-D0442C4A9DC2}
Wdg=reg4a=1, {9F02A0BF-AA23-4E72-AD9E-2607561B5C98}
Wdg=reg4a=2, {3282668E-21DA-43C0-81D6-CDF83039D438}
XfCore=reg4a=1, {57567D80-8E87-4082-BA6F-CB01E9025EE9}
XfMesh=reg4a=1, {6DD5D4AF-D214-480F-ACD9-A1A5CE2CAAF8}
XfMesh=reg4a=2, {3B40BD51-1B65-4978-8B2B-E20AAFEB3DA2}
XfMesh=reg4a=3, {6B39BC6A-9265-468D-B6BC-28E9A4046C27}
34=reg4a=1, {925F6E2D-596D-412F-8E37-F22FC135AD32}
34=reg4a=2, {F26A9B40-3C0A-4EF0-A300-D6C1BCE19DCE}
XfLoc=reg3c=1, {CDA0652B-3739-4CF3-BC34-63726024147A}
PosPt=Transformer.reg3c=1, {A3719998-99B2-4209-891D-C8EB2632BE2D}
PosPt=Transformer.reg3c=2, {09F14558-3C38-4A63-B84E-DE30175482F6}
Wdg=reg3c=1, {D088B904-4C5D-482A-8E8B-E25410649A0F}
Wdg=reg3c=2, {54A8B671-9F88-49DA-8D17-972FF9BAA708}
XfCore=reg3c=1, {6858E7DC-7B4B-4161-B5BC-ADC136B73603}
XfMesh=reg3c=1, {B84405F8-7B4E-4811-8BF8-F33B53664FE9}
XfMesh=reg3c=2, {D3CE4EA0-9531-4D4C-BEAE-F3A2F1A2B4EE}
XfMesh=reg3c=3, {CEC9EB37-B7F5-4815-8E48-F2F133B95A90}
34=reg3c=1, {2F9A5813-C8BF-45AF-B03C-239C39368853}
34=reg3c=2, {B2854249-1D82-4D22-BF1A-E5B7B46FA91A}
XfLoc=reg4b=1, {318F25CE-E866-4C38-A692-2778728A6326}
PosPt=Transformer.reg4b=1, {E1263E15-3901-483E-B8F4-0E9F4A06A958}
PosPt=Transformer.reg4b=2, {68AC4F1E-15F0-46B1-AEB6-5FD20AC988FC}
Wdg=reg4b=1, {D27411D8-7EBC-464D-9457-1C073BE8604F}
Wdg=reg4b=2, {ABC3F5A8-039C-47A0-A1F6-43AA3CC3712F}
XfCore=reg4b=1, {615FA94E-F70B-493C-803C-51B2C6614447}
XfMesh=reg4b=1, {A01DB43D-E81A-4D05-9276-244AF0EF2CC5}
XfMesh=reg4b=2, {AF71E8CC-DE3B-42EB-844A-97B329A112E6}
XfMesh=reg4b=3, {449CBBD7-E9BF-44FC-A294-B333FB6C1C43}
34=reg4b=1, {94AB9A33-CB27-4D56-8009-54EC0D3BE47A}
34=reg4b=2, {02BF781B-2859-4BAA-9ECF-E8748E726E00}
XfLoc=reg4c=1, {F7DBDBD5-C05F-468E-884F-8CF69BC357AE}
PosPt=Transformer.reg4c=1, {D9805BF2-4F99-4FED-ABCA-819B07AAA66C}
PosPt=Transformer.reg4c=2, {00AB5156-8D39-463D-B785-E18C6964D760}
Wdg=reg4c=1, {C6EF303B-9041-4DAC-A184-F1D8FE91B520}
Wdg=reg4c=2, {B172B219-C531-4D6B-BF26-605550942A66}
XfCore=reg4c=1, {2257C149-4FF4-4A86-BEC3-9F338DD3918B}
XfMesh=reg4c=1, {7D78897B-0A34-4102-A510-EDBB1C6C2E81}
XfMesh=reg4c=2, {D0E3BFCB-3B08-422C-BEFF-5CDAEB23D571}
XfMesh=reg4c=3, {17F197D5-437D-4E24-A83E-9ED3E01EF1B8}
34=reg4c=1, {12CCC2D1-0F13-42A1-A24D-1981324524A5}
34=reg4c=2, {DE835938-E883-41D7-9139-DA74CD489535}
TapCtrl=creg1a=1, {8FC282A5-AA6F-4F89-962D-0C8FB1E04A16}
TapCtrl=creg2a=1, {F7A670CA-8796-472E-A697-17C31E558CBF}
TapCtrl=creg3a=1, {19CD9035-E4B3-40B5-84DC-06475A9723CA}
TapCtrl=creg3c=1, {7B1C8872-FBC8-47D1-905B-51762BBC530D}
TapCtrl=creg4a=1, {7798A2C4-0A6B-4088-9FAE-4A2CB89C47C9}
TapCtrl=creg4b=1, {6F84AD6D-8650-4FCC-A4E0-CC14E21BC90A}
TapCtrl=creg4c=1, {15CF97B4-4A2D-457E-AB06-9372A2AF3F87}
LineLoc=l115=1, {EFF2BAF7-5CE8-4D14-A075-AC85DB16C518}
LinePhase=l115_A=1, {9CAF4657-C15B-483E-AC59-261A93647566}
LinePhase=l115_B=1, {F70A57A8-6ED1-4C64-A47E-99CB552F7FE6}
LinePhase=l115_C=1, {3D41198A-61BF-49F2-BDE9-EC861676317A}
50=l115=1, {64FACA4C-E927-41B8-9C6E-678359E6D949}
OpLimI=OpLimI_400.0_600.0=0, {603572E7-B41D-415E-AF46-7FFF50B77D75}
50=l115=2, {F3512728-CA0B-4310-9D37-7137AD6AFC38}
PosPt=Line.l115=1, {635E6159-485D-4B11-BDB1-2CF1B88512EF}
PosPt=Line.l115=2, {B23D1A93-82C4-4D92-81FF-42D32C8A9D12}
LineLoc=l1=1, {5BE86392-33EE-41D5-8593-4173437F09BB}
LinePhase=l1_B=1, {FAB121BB-FCCE-4704-9410-2B32F7280B68}
50=l1=1, {4C7E3A43-C272-4ABF-AA02-0335B2D61053}
50=l1=2, {1BA3BCB5-5561-4DB9-B221-9680C8A70D1A}
PosPt=Line.l1=1, {9B8AEF49-B8BC-4BAF-9BB2-17A8EFF21DE8}
PosPt=Line.l1=2, {E10FCCD8-7F02-4771-A7D5-F3E627E207A2}
LineLoc=l2=1, {1CA02B2A-EB95-4118-9860-3B8E2BABC3FA}
LinePhase=l2_C=1, {437E9FE8-916C-4960-B007-AFB3498BDA52}
50=l2=1, {12D66569-BC36-48DF-964D-9A2E420CE383}
50=l2=2, {CC97464D-14B9-4C49-93B8-0F19D8D6F56A}
PosPt=Line.l2=1, {2E5A8D90-ED66-4628-8CEB-BFF073F7838F}
PosPt=Line.l2=2, {EABE783C-E885-44AB-8A56-AF979649C202}
LineLoc=l3=1, {952480F4-115B-43BB-872F-2287254AF33F}
LinePhase=l3_A=1, {37E32F83-640C-4556-A038-84202447DD94}
LinePhase=l3_B=1, {069D0DBE-D0EA-4DB2-AC6E-A614B6B87A68}
LinePhase=l3_C=1, {041944E1-DA99-4F34-A33E-1553E7CC7642}
50=l3=1, {2D2AA4A3-C4F9-44C3-9B13-DE229283CED2}
50=l3=2, {1EDA57B9-2E34-4E44-888C-5F170AE99EC6}
PosPt=Line.l3=1, {DAE7CC42-DB11-49C2-B4BB-9A1DF3FCD4CE}
PosPt=Line.l3=2, {3A113E16-01B8-4725-A85B-D84C21174668}
LineLoc=l4=1, {A2C79AD8-7F20-46F7-ADDC-24C6124C75E1}
LinePhase=l4_C=1, {FC5B31E0-7BC2-48FA-B440-55A9B773D992}
50=l4=1, {E0A11B29-0B91-441D-9250-B0D6B740C7EB}
50=l4=2, {FE453396-A5DF-43B8-9156-F10EE5EF5A2C}
PosPt=Line.l4=1, {77A662F0-C875-4AC9-BCF4-75C2E6BCE627}
PosPt=Line.l4=2, {930044BB-A52B-4CB3-8E18-A9D127163A98}
LineLoc=l5=1, {9488F6B1-D075-4E71-B2CD-47BD78EBB8C4}
LinePhase=l5_C=1, {6D234737-BDE3-4728-AC58-7CA5E7C8ABE0}
50=l5=1, {7C8085B7-20C4-4CAE-99FB-62D2DFA4072E}
50=l5=2, {866D7CB6-7BBF-4230-8D2A-71E339A06294}
PosPt=Line.l5=1, {A54F44D0-BA36-4BEA-A011-B2D4B18CCBE9}
PosPt=Line.l5=2, {AF2E6272-BADB-4587-96F9-3377640C29BB}
LineLoc=l6=1, {2C43A3E5-6024-4220-99B8-3D149A271E17}
LinePhase=l6_C=1, {3E926148-73AD-495B-A5AA-77EDE6217101}
50=l6=1, {9F100636-FF98-41AD-9072-CD85738D8776}
50=l6=2, {C0E619D3-A23C-4268-BBFA-2A302AA0A629}
PosPt=Line.l6=1, {D44770EB-A72E-4CD0-87DD-14D5D19A4B53}
PosPt=Line.l6=2, {D49AEEE1-C104-4946-BB16-25D6F3585352}
LineLoc=l7=1, {4A64C209-29E3-4F89-8074-7E066317A7A2}
LinePhase=l7_A=1, {BE997B89-7EAD-4A41-A7F8-4F3F31AFD34E}
LinePhase=l7_B=1, {93E35532-DAA1-48BF-BEC3-B3B0A6F394EC}
LinePhase=l7_C=1, {A0EA0061-5CC2-4F8A-9650-E97639C4855B}
50=l7=1, {70DD7F0A-F1F8-40C4-971F-29F0946C6D21}
50=l7=2, {53D1150F-88EF-4573-92C6-82240B47C004}
PosPt=Line.l7=1, {7DBB44BD-0CB0-4FDE-BF80-2E7E7E02B5B3}
PosPt=Line.l7=2, {C124A75A-41E8-4F24-B843-D403186AFE37}
LineLoc=l8=1, {602A75EB-0DA2-40FE-82E8-F742378BE122}
LinePhase=l8_B=1, {425E7EDE-C935-4912-BD5F-FDF2E15FEB51}
50=l8=1, {2E33B737-36A4-4528-B985-3809F331AEE5}
50=l8=2, {E101A1FA-70D1-47A2-A552-FCAA582E7B6E}
PosPt=Line.l8=1, {314B2C47-5907-496E-8C5B-3AAA6168C016}
PosPt=Line.l8=2, {F0E05051-42DB-4285-8069-6BD03319D949}
LineLoc=l9=1, {3CF66128-72AA-426B-BE91-B6116C28126A}
LinePhase=l9_A=1, {37EF5D62-6FCC-4BF3-BA35-649C4D7CE4F3}
50=l9=1, {5350D6D0-5075-4210-B974-0CFA1A707B37}
50=l9=2, {6EEB28FA-DAA6-4D3C-AC65-892315CA4F77}
PosPt=Line.l9=1, {C58876B1-916B-4F2D-8791-FB163AFFC8E7}
PosPt=Line.l9=2, {A1D7C4CA-F357-45DE-8CDA-5A2D35C232FC}
LineLoc=l10=1, {C0A08257-97A2-42F1-8698-2044190348E6}
LinePhase=l10_A=1, {7FEF6A6D-BA9A-47B9-8103-EB653D34D69D}
LinePhase=l10_B=1, {F92AA2E2-92D3-4EC9-A2DA-619407EC27BC}
LinePhase=l10_C=1, {83CE94D8-E68A-42F4-ABA9-DA9C81270D75}
50=l10=1, {1AE7EBD7-6621-4C3B-8136-6C1D6C54ED2E}
50=l10=2, {1840B3DD-D88E-4298-9BAE-D6E5B4128060}
PosPt=Line.l10=1, {A74E457E-B2A5-4EB6-B2EB-6A87691C129E}
PosPt=Line.l10=2, {60CC94ED-2162-4F94-8FE2-6E8D24416B69}
LineLoc=l11=1, {7B76C993-E0E9-4111-8CC7-8F4F9F0C83AC}
LinePhase=l11_A=1, {FBD2B106-2EEB-4266-BFBA-B18E6B1C3A36}
50=l11=1, {A1D322C0-CA90-4C37-BF35-210DD443711A}
50=l11=2, {79DADCD8-F1DD-47DF-B23E-4784B3914BCC}
PosPt=Line.l11=1, {611E9FA9-E9C4-4126-9E66-1AE05A21031F}
PosPt=Line.l11=2, {0E56E20F-8263-48D9-BD62-D2779D4CFC85}
LineLoc=l12=1, {DABA69A3-4738-46A0-BFD9-9897F6BDB29C}
LinePhase=l12_C=1, {226C8A29-8D3D-43BD-90B1-083C79A771A7}
50=l12=1, {5A5E18AE-DE81-418A-99ED-959E97DB733E}
50=l12=2, {41EFB2E3-643E-480D-B8A9-B5A4090B6C71}
PosPt=Line.l12=1, {C89CF3D8-531A-4193-A597-29C106EDDDDE}
PosPt=Line.l12=2, {1C9963D5-4E10-40DE-AD80-420628E1D06B}
LineLoc=l13=1, {822E1BEA-DB13-429C-BF44-4E7E3057A687}
LinePhase=l13_A=1, {1EEDDBBC-B89A-48B8-8E9E-60E54F26454C}
LinePhase=l13_B=1, {7C849A55-2D64-453D-ABAD-895E71DCD9B4}
LinePhase=l13_C=1, {B09B2FE7-20BD-47AA-94BF-E8B74828D7CB}
50=l13=1, {5D6FBE0A-1246-4CFF-8BF9-BA59C3799472}
50=l13=2, {5BA6FABE-C770-415C-AE9C-321160D4F950}
PosPt=Line.l13=1, {C33D2DC1-A303-4C18-92F8-5C48BEBAF615}
PosPt=Line.l13=2, {B7E06D5B-02F9-42DB-940E-A2623767A37C}
LineLoc=l14=1, {9A3A613D-E6ED-494E-B705-85F46FC24BA3}
LinePhase=l14_A=1, {8FFFD076-393F-49E3-8F8A-90D122524225}
50=l14=1, {768BE994-41E0-4F41-B823-6044A9FC265C}
50=l14=2, {AE8B8B56-4591-4C3A-BD36-2795304FE084}
PosPt=Line.l14=1, {DD13A407-9B20-49E1-A24D-76330D859556}
PosPt=Line.l14=2, {3CE12334-5DD6-4399-B664-D3B04ABF7059}
LineLoc=l15=1, {330D13A4-096B-43A3-82F5-E45325612FC8}
LinePhase=l15_A=1, {E335F881-5481-4083-891D-01D74406A91E}
50=l15=1, {B556A750-93C5-4718-A1E7-DB68E0898E03}
50=l15=2, {064CD201-00F6-4500-9F4F-C732A7EBB83A}
PosPt=Line.l15=1, {66E0F264-ED0B-413E-B094-C2E5815DF93D}
PosPt=Line.l15=2, {FE51E92E-421A-473E-82AD-48DABE1DE56D}
LineLoc=l16=1, {2FD21BAE-53CC-4BE1-A9E1-52A12E04FAE5}
LinePhase=l16_C=1, {9CE55E88-B99A-49F3-A733-A4F670564D37}
50=l16=1, {0103DCA7-69DC-45E1-B713-8DA758595F20}
50=l16=2, {101D83EC-861E-4560-995D-BFBA295D7AB8}
PosPt=Line.l16=1, {BB553313-0462-400E-BF00-F50A0D019082}
PosPt=Line.l16=2, {5D938CC0-78CA-4D83-A3BC-51FFCE77DD1D}
LineLoc=l17=1, {0E16142B-F76E-4D46-87B8-2AA441F914AD}
LinePhase=l17_C=1, {62F13E0A-D514-4890-A0FB-C78016F9B69F}
50=l17=1, {A5773C92-D0B2-49BF-85CD-2168B08DCBD0}
50=l17=2, {46FFC6AE-3412-4B5E-90FF-F84C6B70F79C}
PosPt=Line.l17=1, {9B3B8541-4416-41A1-999A-3E8E92491583}
PosPt=Line.l17=2, {C3F2CA2A-65E8-4496-B1C5-0A4AEB39920D}
LineLoc=l18=1, {01E4572D-8E3B-45BF-A72D-5A41BED802CD}
LinePhase=l18_A=1, {A53D2CF7-6658-49AD-940E-113233912B66}
50=l18=1, {ECCE56E1-7D35-4733-83A8-C79CAAA3F17B}
50=l18=2, {85AC8AD0-655F-4BB5-870D-B2DCB4E072DC}
PosPt=Line.l18=1, {24521E93-E9B4-49A8-994B-065DCD7D02C8}
PosPt=Line.l18=2, {696B0442-E41E-47A7-B507-B6A29389F703}
LineLoc=l19=1, {52612F9A-3941-4DD6-9B36-4D85F61EE125}
LinePhase=l19_A=1, {E8A145A4-7353-40A9-A645-31B787D84AD1}
LinePhase=l19_B=1, {908F5EC3-A60D-46A2-BF7F-DA8D24806C72}
LinePhase=l19_C=1, {2513E4FE-B4F0-40B9-B36F-4458A4E1EC14}
50=l19=1, {A8D1FA25-919A-4FCC-BC6B-5B5AD3C153EE}
50=l19=2, {6F9E3B6C-14A1-49AF-A24E-87FEF7F11DC3}
PosPt=Line.l19=1, {D327BB0A-CBF3-4040-804F-88344BEDA464}
PosPt=Line.l19=2, {12D7BA1B-2792-4A80-9799-4AA1F1875D08}
LineLoc=l20=1, {D0C48BF6-86F8-4076-BDE7-DE2E432FEDB6}
LinePhase=l20_A=1, {B6BAC916-BC07-45E8-8480-156CE27924AD}
50=l20=1, {31CAB4ED-485E-4D1B-9820-9D24B8C257D8}
50=l20=2, {A56852E6-67B9-4364-A726-12CE1B07C198}
PosPt=Line.l20=1, {7B8975C6-9851-40CE-8784-F7F03217D2A0}
PosPt=Line.l20=2, {851CCCF0-C191-4661-97C9-88B51E125DC3}
LineLoc=l21=1, {C1FDED07-1033-4A3A-8B17-F6351DE0B365}
LinePhase=l21_B=1, {DAFB8DCF-2411-4F69-87EE-E7D29CF407C1}
50=l21=1, {053348EA-B50F-46F2-9594-DD9793AA0FD4}
50=l21=2, {21E5EA93-1A76-4E1E-B6D8-92D1A62FE474}
PosPt=Line.l21=1, {B4CD6ED5-691B-4056-A50E-7117C5756C63}
PosPt=Line.l21=2, {53973CB4-7FD7-49CD-B160-0CCBD04252CF}
LineLoc=l22=1, {6BA7033D-117A-49D4-B959-8503A3ACF9B2}
LinePhase=l22_A=1, {BFD81CA3-1B7B-4B3B-B2A9-D91D751C0286}
LinePhase=l22_B=1, {85935F4B-0FB6-459A-B424-B1D7C1D3510D}
LinePhase=l22_C=1, {0F3D2F29-DB6F-44EE-B991-64E4C7B4C1F9}
50=l22=1, {858410CC-7406-4B5B-A9AB-AABC0A27D074}
50=l22=2, {DA8F14AC-2E31-4DAD-8BE3-B046B6EDF4FA}
PosPt=Line.l22=1, {A432D15D-480E-4AC7-9B03-EDF31A59A544}
PosPt=Line.l22=2, {A2CD31B0-F843-4377-85AC-C713E234AF17}
LineLoc=l23=1, {0395AB1B-42CE-46F7-8045-1849F3EFF6EB}
LinePhase=l23_C=1, {EE111B55-8A27-4019-917B-9ACAA352DE9E}
50=l23=1, {FBC7BFE1-3B64-42E3-96F4-1CFB54333C36}
50=l23=2, {7DE12ABC-1610-4E39-A5D3-F69D14EBFEAA}
PosPt=Line.l23=1, {5F44736A-A253-43D1-B4E7-37E6EA468790}
PosPt=Line.l23=2, {FBE8299F-02AF-4EE6-AB2E-FE218DC423A5}
LineLoc=l24=1, {32060A3E-31D6-41D5-97BE-84D7438A2E19}
LinePhase=l24_A=1, {DF6D0093-CCF7-4625-BBF8-0D6CF6D105CA}
LinePhase=l24_B=1, {ED95D7AA-2CC5-4B09-BD36-97F46F021036}
LinePhase=l24_C=1, {97DD453B-170F-4AB5-83B8-C1F1718E5617}
50=l24=1, {8C6DEAF7-043B-4F9B-A743-B4A932FD86DB}
50=l24=2, {1EBA64AD-418C-4699-A749-DA9DBDFA26AE}
PosPt=Line.l24=1, {74F9EE39-FA7B-4B1C-8450-DFA28515DE23}
PosPt=Line.l24=2, {83A47A9D-B2A1-4F6E-90B4-FFA8C548C8C3}
LineLoc=l25=1, {40079B35-698A-45C7-BBF3-34B482C7C73A}
LinePhase=l25_A=1, {EAA73F78-673A-4D63-B82E-4FED92053754}
LinePhase=l25_C=1, {D353370A-71D0-4592-8AD8-175B8EAC2E37}
50=l25=1, {2F43913F-5ECA-4658-AD6F-8D60667AE98B}
50=l25=2, {DD562248-5B5B-4AA2-9A0C-92B361331C6F}
PosPt=Line.l25=1, {D55F6AB2-589E-41B8-B8FD-2DD7ADE658BD}
PosPt=Line.l25=2, {5D03B28F-3BEC-4640-B2C7-E51289A7112C}
LineLoc=l26=1, {3A945048-E0BB-4D8F-8BC7-9572DC5CABF8}
LinePhase=l26_A=1, {DC669045-0CC7-4F73-AA6B-9459B4B886DE}
LinePhase=l26_B=1, {66BC0116-CEEA-4052-A42E-D1A17D32CF70}
LinePhase=l26_C=1, {AF877762-4F58-43B4-9BD1-FA45A60D5EFC}
50=l26=1, {D669E27C-524A-485D-AB14-82D2D2503248}
50=l26=2, {306560B1-F039-4DCF-B825-3338413E81A8}
PosPt=Line.l26=1, {4A736842-0A6D-4ED3-966C-9867D3D0D707}
PosPt=Line.l26=2, {E431A2CD-3D65-4274-83BD-BEA3B206D64F}
LineLoc=l27=1, {8B2C3385-0B0D-4611-8DE6-5FF454E7A02B}
LinePhase=l27_A=1, {41A846A8-AB5D-45D1-A7D1-B818BBAA1F3E}
LinePhase=l27_C=1, {85ECC17C-B944-4564-A4A7-FCF400EB6988}
50=l27=1, {865F8B31-3E2D-4303-8AA6-9A3B0EC2AE33}
50=l27=2, {CD38D6AA-C549-400F-A9A1-45A1148402DD}
PosPt=Line.l27=1, {EE0C971C-5E0E-47D3-ADE7-73E4F064B2D9}
PosPt=Line.l27=2, {0BB6AFD1-DA1D-45D5-885B-B09CA09D36DA}
LineLoc=l28=1, {D9C606BC-1923-4AE9-9DF1-561EBA112E11}
LinePhase=l28_C=1, {49F4A244-3DFD-47DF-8CD1-D3AD853C315D}
50=l28=1, {8F56A66D-2383-4735-9DA4-41AC876FB5DF}
50=l28=2, {CC85F32C-442D-4A81-B3E2-93524AB10AE2}
PosPt=Line.l28=1, {C8AE531B-CDDF-43B4-B177-2B7B9D7DDD0E}
PosPt=Line.l28=2, {0CFD2CBB-3F04-4614-8888-E577F22CF347}
LineLoc=l29=1, {FEDA7877-F902-4B2A-8420-3332E056FBEF}
LinePhase=l29_A=1, {776660DA-BFC8-481D-A145-7E0A043ECDB6}
50=l29=1, {93518E75-3CEC-4D5C-BE4C-4BF3BAEFD3EE}
50=l29=2, {49D9F043-9267-405F-820E-E2387415C874}
PosPt=Line.l29=1, {1113AE40-DE3A-48E7-AEA1-F200CCEA34CF}
PosPt=Line.l29=2, {633BDB30-E82D-4F81-9B2A-FAF56B4D6CCB}
LineLoc=l30=1, {DEDC66BD-85AB-47D3-A836-6469A6AAA735}
LinePhase=l30_A=1, {3A941099-3368-4939-A45D-AEFDBAF48521}
LinePhase=l30_B=1, {80AC4740-F197-46F0-AB8C-A4EE530C3166}
LinePhase=l30_C=1, {BA2F0CC5-5EE0-4794-8F66-21C960501E05}
50=l30=1, {13928C27-C6A6-4C89-A6E3-FFA6DD1158D3}
50=l30=2, {2B2196E0-9C0A-4032-B8E5-F87BDAD7D26A}
PosPt=Line.l30=1, {4C77C6B1-0008-4129-8B12-CC2BE73BA2B4}
PosPt=Line.l30=2, {F0511714-8A29-4B67-B7A0-E859EB9D0C8D}
LineLoc=l31=1, {467229D5-BA28-40B5-985C-7EC0C3FB9FAC}
LinePhase=l31_A=1, {2F0E4694-E07E-437C-B26C-E1F668D2EA48}
LinePhase=l31_B=1, {4BE553DE-5618-4574-BC98-5BF4C42F2271}
LinePhase=l31_C=1, {E08FA99A-FB04-4196-B946-00CDAA0723A1}
50=l31=1, {E1725306-0201-4A56-A4A4-9E3C506F5D28}
50=l31=2, {CE1991BF-FB63-4C5D-B57D-4F99B81AEA7E}
PosPt=Line.l31=1, {1F935348-CDFF-4DCF-9B52-CB8B3001E00C}
PosPt=Line.l31=2, {AEBB448C-3104-4A3B-9319-D49BE8F18AB4}
LineLoc=l32=1, {C44EBC0E-64BC-49ED-9A19-C64D99970C99}
LinePhase=l32_A=1, {109A3D39-82ED-40F1-B4D0-1254143F4416}
LinePhase=l32_B=1, {CAEB9224-D2BE-4468-9DA8-FBCDC6286CDF}
LinePhase=l32_C=1, {0A5A4211-A183-4942-A231-F0A538D6301C}
50=l32=1, {854A43EC-8A90-4D38-9284-23C6523423AC}
50=l32=2, {970DCB82-6ED6-45F6-9045-F58C6598B9E3}
PosPt=Line.l32=1, {8E324A49-3F5E-4B4B-8FD7-34B155D6E7B6}
PosPt=Line.l32=2, {3B1974E0-9885-4260-B253-FF227E0B9FE1}
LineLoc=l33=1, {97C5F5D3-2553-4396-AB48-25F46D67EF02}
LinePhase=l33_C=1, {343F800C-5931-4EC6-82EE-30C66B80B96A}
50=l33=1, {65B5AC5B-EE2E-4D39-9E64-D88C9C3027FD}
50=l33=2, {61EE2532-064C-48F1-83E5-89DF0E090106}
PosPt=Line.l33=1, {28A9E657-256B-4F2B-9E1D-E2B082A8F126}
PosPt=Line.l33=2, {0499253B-8068-4D98-8E61-96CFC6B898BE}
LineLoc=l34=1, {AE5CBABF-5461-4F41-8BD7-B1436AA8FE2B}
LinePhase=l34_C=1, {A67B18E7-5136-4D10-B45F-0B061F897DA6}
50=l34=1, {DA8D6716-B0CA-4B02-8056-FC4A825EED69}
50=l34=2, {9EDF59B6-AD26-4FE5-B431-C6A843D08FB1}
PosPt=Line.l34=1, {6CABC708-84DC-4693-A734-AB8200659A43}
PosPt=Line.l34=2, {D59AAA0F-4FB8-43F3-94B9-BBC9D6DB048B}
LineLoc=l35=1, {FD6D985E-8090-48B5-941A-B09868ADA30F}
LinePhase=l35_A=1, {A961A49B-01A3-4F66-BD0C-1E3D30618959}
LinePhase=l35_B=1, {7B400748-66F2-4B49-B94F-0A5F84114901}
50=l35=1, {1E5F7A2A-43CC-4AA0-BA88-70D0E47299B1}
50=l35=2, {7818F422-412F-42CC-9314-544FDA5D22F0}
PosPt=Line.l35=1, {9F4B83EA-3C2F-4D76-91AF-1F82DEF7DD8E}
PosPt=Line.l35=2, {00561B68-E53D-4D32-A1F9-F881DBF2800F}
LineLoc=l36=1, {5629A8BA-DFBA-4318-AF1E-8334BEE5C0EF}
LinePhase=l36_A=1, {29AFB680-75B9-4DE1-BB6A-EEE0C689322D}
LinePhase=l36_B=1, {A81CC2DF-3809-4322-8139-2077D4B95584}
LinePhase=l36_C=1, {4B14689A-7E8D-450C-8FA2-FC0489681E3B}
50=l36=1, {6F8642DF-CF96-4081-B41F-728F3BA99BDA}
50=l36=2, {BFFD238C-856C-4444-B75B-80FAEC5A242D}
PosPt=Line.l36=1, {0A1DD581-A020-4070-9221-3FCCB7202400}
PosPt=Line.l36=2, {CAC9AE5D-89F1-4324-98D9-82C6B6894BAF}
LineLoc=l37=1, {CB82264D-2ECD-49A2-9992-5098D0EE60B8}
LinePhase=l37_A=1, {E355F1C0-10F2-4602-9E98-B461751AA1B5}
50=l37=1, {D3A6B6A3-830E-4B56-A025-148E6D3C2996}
50=l37=2, {9A717F30-5DD6-4342-9ABE-EEAE7C117FB2}
PosPt=Line.l37=1, {732DA4CF-9110-4452-A982-071C6AF213EE}
PosPt=Line.l37=2, {1D3A5735-CECB-495D-8F70-75562A8C2F45}
LineLoc=l38=1, {A506BED3-52DA-4660-9AF8-F8B7CD96A279}
LinePhase=l38_B=1, {C4BC5149-56FE-464C-AE8E-2CB9FE3ACBBF}
50=l38=1, {D245D7A8-F2EF-4FE4-8110-CD89084FC749}
50=l38=2, {A8A35B49-ECB1-4D38-B4F9-767DC517A8E0}
PosPt=Line.l38=1, {E7965188-741F-4298-870A-DD1B696F8DA7}
PosPt=Line.l38=2, {1AC22DD8-C7E5-4EDE-9E1E-164CDD747AD0}
LineLoc=l39=1, {E892582E-105A-4A78-852F-CC923C3DA427}
LinePhase=l39_B=1, {2E0A5037-5FCE-455D-B00A-4E42C1477CBA}
50=l39=1, {12814F75-3994-4474-B027-4C4442B44D05}
50=l39=2, {AE008C14-9333-4194-B2EA-4FDE3C106A3F}
PosPt=Line.l39=1, {1CCEECDE-5A07-429D-B849-E35A182E791E}
PosPt=Line.l39=2, {24B62E41-FA64-4196-B4CB-E502E00B4AD4}
LineLoc=l40=1, {7179AD8B-3230-4BC8-9638-D28EF3F3CEE9}
LinePhase=l40_C=1, {3CF05393-4118-4D3F-8AF7-A271A16ED3A2}
50=l40=1, {A20D7BC4-6F54-4724-A51D-6C0F586DD813}
50=l40=2, {FEAD9421-6046-45C3-B103-03445DBE68BA}
PosPt=Line.l40=1, {DC257863-3A6D-4B7D-B9A9-1D401F74F183}
PosPt=Line.l40=2, {D6831032-31A0-4C18-ACE7-DE7E306D688B}
LineLoc=l41=1, {99C34E93-7C85-48CC-BC68-DB35AAD79635}
LinePhase=l41_A=1, {45970C4F-9C0D-446B-9EB9-872CAA2B424E}
LinePhase=l41_B=1, {C3C7556B-B2A9-49A6-9B51-8F0DD8172AFE}
LinePhase=l41_C=1, {964A8C81-13B9-4390-9218-A955E0213D81}
50=l41=1, {32BB41A8-FBCA-4E88-8438-5A35DA5C6C71}
50=l41=2, {C3AA0F8F-A607-40BF-AE3D-E528CEF07E2A}
PosPt=Line.l41=1, {90CA15B8-6B64-4C85-8627-63643E45D2D7}
PosPt=Line.l41=2, {E51A3454-C9CD-4528-9622-B965B08C2692}
LineLoc=l42=1, {2620FE4C-3E95-4AE7-9C42-BB6CADF3774F}
LinePhase=l42_B=1, {249A057B-0B99-4AFA-815F-1761FEAFEDD9}
50=l42=1, {4548CA3E-4F4F-4483-A38C-663F057D1445}
50=l42=2, {11AFF8C3-3F1F-4C3D-B78C-9E52A92CA19B}
PosPt=Line.l42=1, {C97B0B5B-AD88-4BEC-AF0F-97B681991DE0}
PosPt=Line.l42=2, {CA06820C-F552-4816-AC77-784AE8FD4B64}
LineLoc=l43=1, {4CC4676F-4DE2-4CF1-98D8-6A74D1D36600}
LinePhase=l43_A=1, {BDCB7186-A185-4CAA-A411-C2E6B26CE2EF}
LinePhase=l43_B=1, {74A5CD2F-33AE-48D7-8BF3-F3EFE5AEC677}
LinePhase=l43_C=1, {6E2A4B14-291C-499D-80AC-D51591C2AFEB}
50=l43=1, {25FA0BD9-F17C-41E0-A743-5F963F7A0D5F}
50=l43=2, {CC629966-CDC2-43D4-BF94-99A46CBE6DA6}
PosPt=Line.l43=1, {CD449F7F-0F18-42E6-8AA9-41046FE092D6}
PosPt=Line.l43=2, {23B99868-3D26-4794-A89B-CB1C579BC157}
LineLoc=l44=1, {8ABE81F7-267A-4ACD-82BE-25E18FC0ACEB}
LinePhase=l44_A=1, {7BEAA32A-A699-414A-9748-2B376376EDE6}
50=l44=1, {4697ADCE-75BC-462D-97BD-0CED0D2BA020}
50=l44=2, {35859D04-D6C8-43D0-8ED0-890222A88094}
PosPt=Line.l44=1, {CEA41B72-9688-4E2F-88BF-B12E6608CE33}
PosPt=Line.l44=2, {E409066D-2735-4D6E-992C-FDAFEC07D3FD}
LineLoc=l45=1, {E223F035-248B-463E-9470-88C736CF18E9}
LinePhase=l45_A=1, {90979DE3-1C52-46C1-84E0-8BAC60111F8D}
LinePhase=l45_B=1, {4E6284EE-AAF3-471B-B574-9615E842A52E}
LinePhase=l45_C=1, {5FC4CCD5-2294-438C-B8D4-73A02E75A042}
50=l45=1, {7E74B2BA-6A3F-47BA-991E-E58D8563B94C}
50=l45=2, {62FF87B7-C91B-43AE-AFE6-8C9547277C68}
PosPt=Line.l45=1, {2C57F661-7B06-4A10-9012-FC610B50C420}
PosPt=Line.l45=2, {ABFDEFB5-C40C-465D-9019-B9020ACC28EE}
LineLoc=l46=1, {D06B842C-0D92-4D08-90D0-322E29B6C60B}
LinePhase=l46_A=1, {A92AB871-94A1-4E84-9320-E0F2B0E91B40}
50=l46=1, {500220EE-521C-4E6D-9B17-B95C2145BF89}
50=l46=2, {DBDC70CB-D955-4441-B169-DE6A767B8B43}
PosPt=Line.l46=1, {5D8B7830-5498-4B52-B898-6D788B77CE25}
PosPt=Line.l46=2, {A92D57F8-FFCC-4164-BDF9-6F7A245A527E}
LineLoc=l47=1, {8FC09079-8E77-4DE4-8898-7BE96D19E422}
LinePhase=l47_A=1, {BC74C70E-D8BD-4486-8967-5467BAC7A93F}
LinePhase=l47_B=1, {8D9097D0-5250-4F9D-87FB-536C94BA544F}
LinePhase=l47_C=1, {DEF45191-302A-46C4-9CFC-5C139CAD8346}
50=l47=1, {E5E2E978-17DB-4A89-B9A6-EF0F28F7DC2D}
50=l47=2, {2B444DB0-B666-47FB-8C83-1596D8B48CC7}
PosPt=Line.l47=1, {4C7CE12E-77F2-4540-A6EF-AE2A9CF994CC}
PosPt=Line.l47=2, {B7B5B827-1D7F-455D-81D6-F3709A9C2694}
LineLoc=l48=1, {28B9744D-B58F-422A-9E8E-6E1DB5016569}
LinePhase=l48_A=1, {9ADB1012-B63F-406D-8ED4-9E4E9C7014F4}
LinePhase=l48_B=1, {B2DDC05E-B2E4-46F4-96FA-4E5EF6FF06D9}
LinePhase=l48_C=1, {36347697-CF2E-46DE-9FE1-591EFF682932}
50=l48=1, {C61B1A2E-5D27-44C6-9A9B-2764085A88E0}
50=l48=2, {1C956756-3FA2-4604-BC36-1A5AB28BE05A}
PosPt=Line.l48=1, {4EF4FEDB-5D18-4896-954F-B7CB5AF7FDB4}
PosPt=Line.l48=2, {959DBC60-38EE-4666-8DB0-EB8C624982EA}
LineLoc=l49=1, {2691D2D3-4483-48FF-B140-84CDA230FADF}
LinePhase=l49_A=1, {99F06EA2-ED5F-4730-9372-7EADDF16F211}
LinePhase=l49_B=1, {561A02CE-DDB3-4F2F-A1EF-3CDF1D3CC7EC}
LinePhase=l49_C=1, {FB9AF5CB-5A4C-40EA-BF8D-3E51E28154B7}
50=l49=1, {52A76CA9-D245-4E3C-9149-0279E7C850AB}
50=l49=2, {D0323659-DE99-4906-BB97-CEFE0236C013}
PosPt=Line.l49=1, {B657F67D-704C-4F13-BD24-718B5DF7191A}
PosPt=Line.l49=2, {57B0BF08-65B6-44FD-B787-18B41D15257F}
LineLoc=l50=1, {D1A23D52-05EA-4BCF-9465-72D3D3909E0B}
LinePhase=l50_A=1, {1E8D0BDA-20EB-400D-B732-96DE4DB01270}
LinePhase=l50_B=1, {DEB0D76F-E808-42B1-B48B-2B1124A73A1E}
LinePhase=l50_C=1, {238E01C8-D4CD-48FC-8969-43E00132017B}
50=l50=1, {4C57883F-1D99-4558-B4BC-ADD8FD38B6AA}
50=l50=2, {3498B466-04B8-4FAD-8A09-BB1AD57DC691}
PosPt=Line.l50=1, {848C708B-1219-4FE3-BECF-50FAFAC5E483}
PosPt=Line.l50=2, {FD90D58F-D3EE-42CC-AF97-300F7938CC21}
LineLoc=l51=1, {8D1D779B-A7D6-4549-AB28-9B5053AC2A5C}
LinePhase=l51_A=1, {F5F3AECB-D092-49DF-B389-461F19A3DC28}
LinePhase=l51_B=1, {7AC1E3C3-ACF4-4C88-9852-0F29EB45CC86}
LinePhase=l51_C=1, {6E1AF1E0-5151-40DE-86D4-7A7C3FDF912F}
50=l51=1, {AACE1A1D-A89F-46C4-8381-DB7A154EC4A2}
50=l51=2, {D0558448-DE10-400C-9334-BDDA58BC4682}
PosPt=Line.l51=1, {D50A7327-DAF3-456E-8191-C3AB104A7B3D}
PosPt=Line.l51=2, {AEDE6205-6E4E-440C-A5BE-34618BD8F51F}
LineLoc=l52=1, {42D50A75-32C7-45BC-9454-2C8B82E40EE9}
LinePhase=l52_A=1, {0715FBB9-30F1-4389-9D3C-5448F17FD68E}
LinePhase=l52_B=1, {23A8E477-9445-4F77-8C8A-9EC8A920D063}
LinePhase=l52_C=1, {84F2DB75-BCC8-4F18-8529-9504AADD7D24}
50=l52=1, {4B730802-C8A2-4653-9756-728597A31CBD}
50=l52=2, {06EEDB5B-F2D2-4C12-8AF0-24E2E64E1D2B}
PosPt=Line.l52=1, {7DBF1C8A-21BE-404E-9C79-AFE8977715A7}
PosPt=Line.l52=2, {4A06ABAC-F701-4923-9A1F-3259A84F98C7}
LineLoc=l53=1, {9BB98020-4094-41B1-BD4F-5F37575E71ED}
LinePhase=l53_A=1, {E54978E9-8C06-4ADD-BB4D-1F6D2748D6EF}
LinePhase=l53_B=1, {D64ED01C-8B6D-4294-B469-3063312734AB}
LinePhase=l53_C=1, {A7B8F8D3-4378-49CF-BEC6-7623208D1482}
50=l53=1, {720AF70E-EF6D-4FCE-AFDA-7E02D27AB3F4}
50=l53=2, {7612FB8B-47C1-44ED-8C65-9EE6FFBD9A87}
PosPt=Line.l53=1, {42C8AE9A-DADF-45C4-84CC-B47F12C1824D}
PosPt=Line.l53=2, {4E423555-516C-49BF-B46D-F73748C4042E}
LineLoc=l54=1, {E7ACF9C7-0921-41E1-9823-3277C914CD47}
LinePhase=l54_A=1, {E1DCB0C1-676A-4E38-A0F2-2BB40A78CBCF}
LinePhase=l54_B=1, {568FA187-2F14-4647-ADC8-3798A34A80D4}
LinePhase=l54_C=1, {CABD9D6F-47D6-4CA1-AFF2-8E4B62C4BEB8}
50=l54=1, {22369B28-2AD2-4D67-8550-265D5006490F}
50=l54=2, {A0C78BFD-244C-407C-B855-2DBEB9AA9ADF}
PosPt=Line.l54=1, {3F51BD49-2260-4CBE-92B4-525FDD01E9A0}
PosPt=Line.l54=2, {738B5F21-84C5-4E2F-B34C-9395F7021B0E}
LineLoc=l55=1, {0496EF2F-9445-463B-B7F3-2AC585E9E50F}
LinePhase=l55_A=1, {B02FAE39-3934-43B4-AF5C-2A37CBCA292F}
LinePhase=l55_B=1, {FFE00F2D-DA4E-4C82-9716-AD47EFCAD387}
LinePhase=l55_C=1, {3941E2D9-F339-47C7-8D7F-6FC50FFF52CF}
50=l55=1, {FF90B3AB-244A-4F52-9DA0-AEEB68417167}
50=l55=2, {D181C3F0-279C-486E-90C5-01BC6E4C071D}
PosPt=Line.l55=1, {C9A0EFE3-9610-4242-812C-A7BBA06EFA3D}
PosPt=Line.l55=2, {3CB65E44-0AD0-4BCE-8557-A42E5FF39AB5}
LineLoc=l56=1, {8F91B83E-8A58-43D3-94EF-67B340027307}
LinePhase=l56_A=1, {7D404619-C62D-4BFA-B25C-F90206BBB00F}
LinePhase=l56_B=1, {B3E1FA39-78A9-437B-A821-F7716BD68E12}
LinePhase=l56_C=1, {002E4BD3-D24F-4398-AA83-BA88F3FBDAB6}
50=l56=1, {A212F6B6-2D2E-46E4-B409-84B7A6B32856}
50=l56=2, {90109AB8-9AB6-44F5-8AB3-2FD3684B77B7}
PosPt=Line.l56=1, {765AD28C-82A2-4243-88BE-48652131B15E}
PosPt=Line.l56=2, {6F271AF7-3EAD-4CE2-A6A2-791446B64235}
LineLoc=l57=1, {14F13B1C-1E2D-4CC1-9B05-1016933F1DF2}
LinePhase=l57_B=1, {8CB19AEB-EEDF-4B2A-B034-66454CE85AA7}
50=l57=1, {14CC95D2-A102-42F8-B26F-2B716900AA33}
50=l57=2, {6B4749C6-7CC7-4299-845F-2DC5854FA896}
PosPt=Line.l57=1, {A0220EFD-5EEF-441C-B87C-274A688C1B44}
PosPt=Line.l57=2, {457F31FC-53DB-4615-8B5E-727EA3EBE802}
LineLoc=l58=1, {4F9E3D5C-1736-4695-9BDE-520D0F1FF7E0}
LinePhase=l58_A=1, {4E106408-6232-4077-9925-3734EA889BD9}
LinePhase=l58_B=1, {3B5852B3-237C-4421-884B-A5C95942A13C}
LinePhase=l58_C=1, {462B5F89-639F-4D78-9F91-D7F366F46818}
50=l58=1, {B9EB9957-88CD-45FE-87AA-339E208C6E7F}
50=l58=2, {FB6EABDB-A1FA-4B59-AA1D-BE1018B2E315}
PosPt=Line.l58=1, {42F2BAC1-BE34-4A13-864B-FE20D72508D0}
PosPt=Line.l58=2, {2ECF06C1-F45C-4921-9578-D4A18FF1371F}
LineLoc=l59=1, {45BA3FF2-D827-48D3-813E-2BB471274BBF}
LinePhase=l59_B=1, {74776B75-B78F-4776-BA35-5BC911DFDD9E}
50=l59=1, {CA551A7F-D3BF-4EF9-8866-71799D458FF3}
50=l59=2, {FABF4DFF-9072-46F1-BBBB-9D2A42DE6AB5}
PosPt=Line.l59=1, {F0D58072-5C1B-44A8-947C-35AB648044E3}
PosPt=Line.l59=2, {CA77B339-132C-46B8-B4F0-C8C504B24DB7}
LineLoc=l60=1, {D77DA681-47FD-4577-89C1-9DD75DFF8EB0}
LinePhase=l60_A=1, {312F5EFC-82C2-4C4C-8C00-83F78A93C308}
LinePhase=l60_B=1, {4434BB5E-6030-461F-92E6-F9073A7FBDCC}
LinePhase=l60_C=1, {A477769D-1F18-4CE5-9A68-1F1A50EF2ADA}
50=l60=1, {0F164474-9A49-41BB-999B-54DF0BC9A444}
50=l60=2, {807D3A3B-E193-408D-9308-4CEFB91BF459}
PosPt=Line.l60=1, {20E87DE0-0767-449E-BF5F-02355C0DD7F3}
PosPt=Line.l60=2, {979023A3-7EB9-4963-85A8-A4E106834B15}
LineLoc=l61=1, {106102B9-3590-4110-9E3C-A95A80C4B018}
LinePhase=l61_A=1, {93A8F7DC-9A8A-4A21-AAF2-9AF0C04D6CA7}
LinePhase=l61_B=1, {A567FB11-9AC9-413A-B44F-E99F55ACE116}
LinePhase=l61_C=1, {A51F6360-E583-4D8E-9ECC-FEE91D8584DE}
50=l61=1, {00AC9D39-6153-4432-9F41-75B724327B3E}
50=l61=2, {12569DBA-C7F2-4C61-BAEE-E8DEBDDFF7AC}
PosPt=Line.l61=1, {DFC25AA4-948F-4CA6-9207-E2E524539D67}
PosPt=Line.l61=2, {ADAB50B5-8613-4996-B734-D5B522F7F390}
LineLoc=l62=1, {2D14C9B4-DC0D-4801-9170-9675007B8D52}
LinePhase=l62_A=1, {63E5A064-AC40-45B8-BDB1-919658C38256}
LinePhase=l62_B=1, {EEFDF0D2-0EE9-4699-B5E8-85854D3D5998}
LinePhase=l62_C=1, {C529076B-07C2-43F1-B771-08DBCE7D93E6}
50=l62=1, {5945BCC4-E4EA-434F-ABD6-CEF1EBC7F5CA}
50=l62=2, {DB535D89-47DA-4777-8225-98ADC1486667}
PosPt=Line.l62=1, {28D7634E-8A54-4B33-A9E1-4BC5EC6DF9D0}
PosPt=Line.l62=2, {3144A57A-6F7F-4B38-9C28-8A89422EB761}
LineLoc=l63=1, {0C585A25-A153-4416-84BE-9B672CD75A99}
LinePhase=l63_A=1, {E388AD3C-A0CD-4D80-9613-F90A3CD2FBBC}
LinePhase=l63_B=1, {C991043B-891F-48AB-BC58-8B687F422FF8}
LinePhase=l63_C=1, {04961D21-0894-43A1-8DC8-F8EC367136A8}
50=l63=1, {59EC1B6D-4CEC-423D-914C-A761DE6B6F9C}
50=l63=2, {041B240D-DFAD-4602-A017-EE31ABBFB1CB}
PosPt=Line.l63=1, {CC9F2DDA-A483-4655-8564-D40DA91BCA85}
PosPt=Line.l63=2, {F422765F-A0C1-4718-ADE4-6B36C9852FB6}
LineLoc=l64=1, {BE466915-9502-498D-808C-8331A15B28C6}
LinePhase=l64_A=1, {338C9B7B-3EAD-421E-9B07-2ACDFAA18EFF}
LinePhase=l64_B=1, {CB21ECEE-EF44-4D4A-8CC2-A41159F6EE5D}
LinePhase=l64_C=1, {520E6D65-B33E-48AA-89AD-827B4B8185C2}
50=l64=1, {5955D847-7F6E-4FCB-BD6D-EA383A077796}
50=l64=2, {1AB16794-3715-49D7-A6DF-14F668CE3596}
PosPt=Line.l64=1, {39A5C4A2-F91F-4AE1-9D15-E39B9D179ABD}
PosPt=Line.l64=2, {F9CBB239-3BB6-44F0-BE75-67A4BDA7A391}
LineLoc=l65=1, {0FED0CDD-84C2-4F08-9098-28CE2FC6466C}
LinePhase=l65_A=1, {163E2CE9-099F-4BF5-A325-260721CC6783}
LinePhase=l65_B=1, {54F6BF98-1F6E-4CDC-9C37-9321F4B21C5B}
LinePhase=l65_C=1, {8D04B248-BF03-4DDA-B4F4-67D3F5261310}
50=l65=1, {B9199244-88D0-4B38-8216-34FF356CA88F}
50=l65=2, {319B5E2A-AC58-4686-8E2B-80DD96B4929A}
PosPt=Line.l65=1, {FC04A711-FFC6-400F-80C9-B1EEF35AA246}
PosPt=Line.l65=2, {7D770ECD-531C-480C-8D9B-7738F5DA3E2F}
LineLoc=l66=1, {35741D9C-074C-4CE7-9E24-CD0B498808F2}
LinePhase=l66_A=1, {F69CC922-39FB-4654-AFD5-5EDC57CE2A22}
50=l66=1, {6E9AB157-B51C-4306-858F-D94EE046C2F5}
50=l66=2, {CDB6F9B7-FAC1-4274-A8EE-C81BC21150F5}
PosPt=Line.l66=1, {859EE2FC-1D61-4122-92C1-23AC776932A0}
PosPt=Line.l66=2, {E0F9EC93-5F0A-4551-B73E-4F9E46074D5D}
LineLoc=l67=1, {C19701CB-38AF-40FC-AD9A-7F1F1AE79DF2}
LinePhase=l67_A=1, {A8A79075-A3CE-4766-9977-5574AE9DD693}
LinePhase=l67_B=1, {81E3BAD4-B9ED-4D56-BE36-18EF85765A20}
LinePhase=l67_C=1, {67C2BBCF-F364-4619-987B-422AC0C4AD96}
50=l67=1, {DE11A1FC-A55E-4908-8FF6-E09232DB0B06}
50=l67=2, {749E3EE7-51AF-449C-9DB0-D34BBE0771A0}
PosPt=Line.l67=1, {D40537F2-A3B3-4384-8A52-DB7F2CA560E1}
PosPt=Line.l67=2, {821A38F9-C03E-4A81-A73A-53F1DE2F3502}
LineLoc=l68=1, {5E40CF59-0558-4318-93E8-329178AE70BE}
LinePhase=l68_A=1, {6BF64339-B801-4996-8073-2EBBC60301B3}
LinePhase=l68_B=1, {6B5D8A8D-20E0-40FB-9977-C113F47466B4}
LinePhase=l68_C=1, {71883523-F6DB-4D7E-A450-5BC7B9FCEA8F}
50=l68=1, {28494636-165C-4932-B818-E2F28A2468CA}
50=l68=2, {F953AA09-296D-4EB6-AC4E-314F9F5F228C}
PosPt=Line.l68=1, {36898CEB-7F97-41A7-869B-A6EC48AC295F}
PosPt=Line.l68=2, {451F44C7-1B78-4A9A-96D9-FA1D05877192}
LineLoc=l69=1, {6F4F133B-4308-4002-8A94-5857BD4869F3}
LinePhase=l69_A=1, {956B73CE-C495-481F-87DB-B8849A2AB2E7}
50=l69=1, {E51FC64B-AD6A-4976-B129-85C2819ED674}
50=l69=2, {62D86F3D-C523-45BE-955E-AFF8CA29C653}
PosPt=Line.l69=1, {67D89920-B158-4CC8-9556-639BC30D5FB6}
PosPt=Line.l69=2, {FA3A5E37-F325-4A42-A7F8-27581DB6249D}
LineLoc=l70=1, {408121D2-BE62-48CF-84D2-D8BD1CE86F65}
LinePhase=l70_A=1, {776B0AC8-3F47-48DA-B4EA-30419949CAF8}
50=l70=1, {B7D74283-94C2-434B-9392-28C314DAE5D7}
50=l70=2, {44367E9E-D628-4C57-BB0D-D8871912A641}
PosPt=Line.l70=1, {967C856A-6255-48B5-BC94-91EABA7F2925}
PosPt=Line.l70=2, {8159B9E6-F5FF-48F0-996B-1822F61C11E0}
LineLoc=l71=1, {98AE73B5-BA8E-46CF-8281-9E6EE718F21C}
LinePhase=l71_A=1, {5EAE4DBB-B8F0-453D-83A7-A1AAF20054C9}
50=l71=1, {D1F99443-6C89-475D-81C8-46958BC7E1AD}
50=l71=2, {FC7F269D-C73A-4500-8864-11BF7C8F9C0A}
PosPt=Line.l71=1, {8EBE79F5-8EE4-4E63-8F96-4A3577032859}
PosPt=Line.l71=2, {5F995A79-6A66-436C-8302-325D0AFB74A6}
LineLoc=l72=1, {3614E0EA-BB44-4D95-856B-7E8CFFF8380B}
LinePhase=l72_C=1, {5C2B2FF4-C35B-4FCF-8CCE-A27F71C60569}
50=l72=1, {62D642E2-47ED-4E07-AE51-AEF2138D7539}
50=l72=2, {EDA174E0-77EE-4A48-B594-D5D13563D280}
PosPt=Line.l72=1, {C2FB317D-EEC7-4ECD-93DA-502C13B7868B}
PosPt=Line.l72=2, {376648D1-2B8A-4D2E-8318-BC0007740E4B}
LineLoc=l73=1, {A1E0B254-2CFB-41BD-8B98-16E0C64CDB61}
LinePhase=l73_A=1, {A8C7B953-82E5-4968-8DA6-80FDE5FEE68A}
LinePhase=l73_B=1, {129701D6-6278-498E-B58A-7756FBB9C2F6}
LinePhase=l73_C=1, {32E6E259-D450-4A92-B551-0F11DD658CE8}
50=l73=1, {61ABECF9-E785-489B-9130-251F72A9A6C1}
50=l73=2, {E29F873B-B5EE-4800-B016-A1704E321111}
PosPt=Line.l73=1, {DC3FCEBB-AB78-4020-AC8A-0BD12C0D55B0}
PosPt=Line.l73=2, {AD4AABD6-2D83-4266-AC1A-12C6C8BA2314}
LineLoc=l74=1, {5C6E6343-D152-4D46-BAEB-2B4290A9A523}
LinePhase=l74_C=1, {48873255-8ED7-4E72-BDE8-B7B5991D56EA}
50=l74=1, {E2F22B4F-81A4-44AA-93D7-EFA9AC554ABD}
50=l74=2, {31EECAEF-A02A-4D82-891E-53984EC0D78C}
PosPt=Line.l74=1, {9F9ED0A3-1145-479C-94CF-B1ADD053032C}
PosPt=Line.l74=2, {70ECE17D-4EC4-4CFD-8A41-6393FFA61D6B}
LineLoc=l75=1, {1AF852F2-FC79-4B88-858F-AF4A951B050D}
LinePhase=l75_C=1, {2D2314A1-EF8E-47BA-899C-2F1C13221CEB}
50=l75=1, {4BBFD287-6D07-46D4-9E4E-8BB9E84D9417}
50=l75=2, {8AF48F0C-DEA5-4DB7-8974-BECB366B92ED}
PosPt=Line.l75=1, {2543D6DE-D62C-43C5-9B45-03C82BEBEDF9}
PosPt=Line.l75=2, {01B7AB5F-CC1A-4FA3-A19D-BEDFFA6874A6}
LineLoc=l76=1, {51F99EC5-FB78-4032-9DC2-0E5F549F35D0}
LinePhase=l76_A=1, {46D678A5-A562-4D21-A2F3-ED075A0B49D4}
LinePhase=l76_B=1, {3B429E38-43FE-46F4-B0EF-CBDFDB2A7025}
LinePhase=l76_C=1, {C4E0D6C7-3476-4CF7-8CEB-3461CDC1E8BA}
50=l76=1, {023E798B-83EF-4C82-AFF7-986C2450A753}
50=l76=2, {EC41A848-D750-42A5-A416-D8E26E17C8F4}
PosPt=Line.l76=1, {CFADFC7D-37C7-46A3-9C5D-DC04A65EA702}
PosPt=Line.l76=2, {E49656EE-9A6A-4393-A340-500B432386DC}
LineLoc=l77=1, {F11DD05F-F64D-4D7A-8AFA-1B01142D2F36}
LinePhase=l77_A=1, {7E8F0B86-966F-4DA7-AA7B-E0146E35F6DF}
LinePhase=l77_B=1, {A513E33C-5905-4F6F-B7F7-1EAA3297E04E}
LinePhase=l77_C=1, {FEAED70F-AA82-4CC9-B31E-610080176AB8}
50=l77=1, {54FEC0C1-686E-47A6-846D-96DB608DD316}
50=l77=2, {16964D9E-8802-4F41-B68C-FFD76AAC8DEF}
PosPt=Line.l77=1, {789049DB-C1E0-44CA-87A1-84A3A668B287}
PosPt=Line.l77=2, {426B0846-F72D-46B8-A083-640FFAF322CF}
LineLoc=l78=1, {2AA81C58-5B07-411F-9535-2FCD3F293D3F}
LinePhase=l78_A=1, {07578E6F-3A0C-4BFB-9EDA-7E2A0C55AA67}
LinePhase=l78_B=1, {0C59A42B-4185-45A4-9851-44A55A8B37B9}
LinePhase=l78_C=1, {C77FC2DE-4078-4EC3-B8B0-3BEC5B812F2B}
50=l78=1, {41B885CF-D453-4E6B-A02E-CAA5E796289C}
50=l78=2, {05846AA5-018F-4B8C-BAD6-6648459962D7}
PosPt=Line.l78=1, {7BA5B5AF-A2ED-485F-BBC2-50155736E9AA}
PosPt=Line.l78=2, {C415B30C-89E8-4EB4-9A64-9F89B9A38C0F}
LineLoc=l79=1, {3267CB0E-7199-44E4-83E0-08E2EAF07148}
LinePhase=l79_A=1, {58ACC983-F077-4521-826B-B63927C52CAC}
LinePhase=l79_B=1, {851B0A18-E42E-442D-9157-056640E6C6B1}
LinePhase=l79_C=1, {7819A6BA-FC9B-4A77-92FC-9D0DBA2163B3}
50=l79=1, {AD300E4F-A182-432F-9DFF-520397286631}
50=l79=2, {700919D8-C36A-4DAB-961C-0F6A012C9C30}
PosPt=Line.l79=1, {17E3F84B-C48D-4C63-926D-CFC4BEC1625D}
PosPt=Line.l79=2, {F8596FD8-1B5D-4F1A-BF3A-1A7CDDB9454C}
LineLoc=l80=1, {8E02BA97-5F73-407E-BBA4-EDF9857473D5}
LinePhase=l80_A=1, {68DD6617-FFAB-4C6F-A883-D4D5E1A78FEF}
LinePhase=l80_B=1, {9ED61720-149C-4C53-ABBB-4C5AA672446A}
LinePhase=l80_C=1, {78C96318-9BA9-44AE-A72D-093C132DA008}
50=l80=1, {B31AD981-D1A6-4FEF-ABA2-239F1EB71933}
50=l80=2, {86DC045C-E2A5-46AC-9B5E-F3D80907AD4B}
PosPt=Line.l80=1, {CFB4DB12-C552-498B-ACEF-4FAB60D3A57B}
PosPt=Line.l80=2, {B85A30BA-DA02-40DE-B18A-0103553A4501}
LineLoc=l81=1, {C9EF0611-5FF9-4355-A3F0-CE49FB3DE22C}
LinePhase=l81_A=1, {0416D665-B04B-4DCD-9B86-AB7CB2F2411D}
LinePhase=l81_B=1, {F5349CE1-5907-4C73-918F-45768480EB46}
LinePhase=l81_C=1, {CD19E531-2CA9-4AF1-9143-BB55DFBC95F4}
50=l81=1, {EFAC1825-19AC-400F-873D-074334C25656}
50=l81=2, {BE6559E2-BF5B-48C0-9A64-BBFC5D45CC5A}
PosPt=Line.l81=1, {00F6ADF9-C6BE-4101-A92E-917F570CCE5B}
PosPt=Line.l81=2, {E66E7149-E476-4A27-BF26-107419200FC3}
LineLoc=l82=1, {7FD3795F-D3EE-4FA8-82ED-8C67D3D13591}
LinePhase=l82_A=1, {FB1EE04F-0A89-4A27-A881-B493AE363C6D}
LinePhase=l82_B=1, {F1C92B37-AEE8-4CA4-BBED-F3A57437D115}
LinePhase=l82_C=1, {0B85BCA8-47EE-4748-8892-E1F38C8CBFD6}
50=l82=1, {BF750A59-5235-40FF-A1BE-C45C5B6927C5}
50=l82=2, {1270AFCE-DC62-418C-870A-48CF13900A43}
PosPt=Line.l82=1, {7A88A5B3-0100-4C52-B6B0-781DB91F5624}
PosPt=Line.l82=2, {8982867A-A76F-4665-B60D-6370AB7796F0}
LineLoc=l83=1, {6DCC0647-D827-4694-8DDD-89C5235722F5}
LinePhase=l83_C=1, {B9799692-65FB-4938-9AAA-8543CD6990FB}
50=l83=1, {11904432-5E8B-4EB7-85C5-2183A33E6611}
50=l83=2, {74CA4CA1-4D45-4E85-8B1B-FE879FE4C368}
PosPt=Line.l83=1, {1FCED3A8-429B-4FDA-8E93-216988101ED8}
PosPt=Line.l83=2, {BB516970-C124-4FF0-B2E9-522247A02E20}
LineLoc=l84=1, {BDBACE14-DCE7-4597-AC6E-5CCC15F69244}
LinePhase=l84_A=1, {C8E38743-BB18-445F-8B74-2669F8054C9A}
LinePhase=l84_B=1, {9945AD88-0CD4-456A-AAFB-E3BA59A6545D}
LinePhase=l84_C=1, {488011D2-090F-4665-BA76-84E026333CE3}
50=l84=1, {80C04E0E-C387-4A0D-946B-6B65A55E2332}
50=l84=2, {BF0DC46A-1075-44D6-84C9-637C9004A2A8}
PosPt=Line.l84=1, {3CF0A7B8-EC0E-483F-92B2-A20B52F95E23}
PosPt=Line.l84=2, {D0EE5AFC-83F5-4481-97D7-E28B7FE57E0F}
LineLoc=l85=1, {88A53B47-2062-4DA7-B30D-6C313277C152}
LinePhase=l85_C=1, {7EC99EEE-AA1F-45F1-9977-3542A5C42F2F}
50=l85=1, {FFD0A552-19A7-4E19-926F-C3F3DA26AC62}
50=l85=2, {B0B058A3-FD81-45BB-8223-4B9F3EA27EA2}
PosPt=Line.l85=1, {0D670838-1F31-403B-90BB-7396FA6FBD82}
PosPt=Line.l85=2, {D82964EC-4CCD-4E73-B315-CE8123AEF9DB}
LineLoc=l86=1, {A8C26C9B-59A5-4261-9170-A361663926CB}
LinePhase=l86_A=1, {A2A6CEE3-76AC-4344-AE34-72BA4F5F6B41}
LinePhase=l86_B=1, {81A0C870-B48D-40FC-8628-651B7394467A}
LinePhase=l86_C=1, {17D9EDAE-E5E3-4924-98A0-4C9C1457A322}
50=l86=1, {24910709-D8AA-4410-9805-4077514B09FC}
50=l86=2, {DC3565CA-D70E-4C45-8355-13E7C1ACFE3B}
PosPt=Line.l86=1, {495AEF42-5CD8-44D8-B53A-9FE6F9E111BB}
PosPt=Line.l86=2, {1748DC50-0C6B-4650-B322-783D2580391B}
LineLoc=l87=1, {8117BA58-B5BB-41DD-B0E8-8E6DACAA0E34}
LinePhase=l87_A=1, {894C2812-D455-4DCB-A5F9-F104E7AA6278}
50=l87=1, {EA1184D4-C80E-479A-A6DC-7EAA58388501}
50=l87=2, {903B1A27-E3D3-4867-BA0F-92BB2652CFC1}
PosPt=Line.l87=1, {9B55C068-A6B3-4BFC-A077-5CD88884CFF7}
PosPt=Line.l87=2, {F7E20225-200C-4EF6-A8F9-524CF23EAF94}
LineLoc=l88=1, {A6071ECA-B399-4F0D-84F4-FE5D94D73ADE}
LinePhase=l88_A=1, {2FCE1C00-F605-43EA-AC1B-9E925C3B5261}
LinePhase=l88_B=1, {2D8D066C-5818-4BCB-88B2-3E8622FE3EB1}
LinePhase=l88_C=1, {8FCB8784-B51C-49A8-9A5F-4E122BE26575}
50=l88=1, {F3DD5F47-946E-43BA-A180-AAB885E38184}
50=l88=2, {C7ACD391-F98B-4CA6-A772-B2A1A3EDC8D5}
PosPt=Line.l88=1, {23D8E73D-ADD4-4E25-9EEB-D25124CE2B32}
PosPt=Line.l88=2, {22FF9CBF-CE19-4BC4-B600-AF99F14AB105}
LineLoc=l89=1, {38B6E079-8E05-41E0-B25F-1E8BD6967CE4}
LinePhase=l89_B=1, {8717A6DF-1381-4487-9817-3E31311088CB}
50=l89=1, {3B2ED340-8A0C-4DBC-95CC-0420502AF50E}
50=l89=2, {D0BE1167-EA92-4F59-9C53-26DC43CE4F7F}
PosPt=Line.l89=1, {4165BE73-3AFA-4921-9907-F14354DF31CF}
PosPt=Line.l89=2, {0FBABA8A-CA63-41E1-A588-C8506DC0E256}
LineLoc=l90=1, {63FB4485-1353-4FD1-AC32-1FACC58D3A49}
LinePhase=l90_A=1, {EB03DE17-9AF5-4583-81F9-3A5AAC40DFD3}
LinePhase=l90_B=1, {DFF66DA0-F4CD-40AE-9C27-ADF24CA2B6AF}
LinePhase=l90_C=1, {D10081B1-5B09-4805-AC25-03AE02BD6375}
50=l90=1, {8B61737B-43BB-4C20-92F6-D4096820223C}
50=l90=2, {01C2981C-9B66-4B7E-91D4-5D570398802D}
PosPt=Line.l90=1, {62BA7231-4832-4F28-AB8A-445FCF56140C}
PosPt=Line.l90=2, {141BD02A-161A-4C32-A240-56A892348E24}
LineLoc=l91=1, {213C9E8E-3BEC-48C9-97BF-F2ECD1EB3ED3}
LinePhase=l91_C=1, {E6D37A4F-898D-44C5-BA98-88A67AFC76C4}
50=l91=1, {4EC6A360-E3ED-44B5-8BC0-373061C781E0}
50=l91=2, {363E3125-176C-41B2-930E-E8748CC1419E}
PosPt=Line.l91=1, {E3D4711F-110F-4571-BF06-E029A333E7D8}
PosPt=Line.l91=2, {B6BF3390-B5C2-4FA9-8E21-01E469A7957C}
LineLoc=l92=1, {F3D4085D-3EE6-4DD5-85AF-92CC9F536B32}
LinePhase=l92_A=1, {F3033931-E478-4B8C-8EA5-76C9CB55D72A}
LinePhase=l92_B=1, {5536CFD3-BCE1-43E3-B940-0B75CD846EA6}
LinePhase=l92_C=1, {9457508B-00FD-419C-A34D-D0D7FF16785C}
50=l92=1, {2F380FA5-DD13-4C79-A042-56BB5A20B088}
50=l92=2, {287BE139-A0DE-4EDA-8313-6E82754DC587}
PosPt=Line.l92=1, {C85ABE88-DAFC-4EC8-A5E2-180BC726EBCB}
PosPt=Line.l92=2, {5845EE4B-3351-4247-9A80-EEC940262206}
LineLoc=l93=1, {6DC769F4-72C9-4ED4-968F-4C1051DF0F7A}
LinePhase=l93_A=1, {1701C3A5-13A3-4380-9770-4DFBE77CDE1D}
50=l93=1, {6E00F5B8-E835-4650-B49F-F3161A28D921}
50=l93=2, {606F552D-AFB0-459E-95D6-0DDF14EB9394}
PosPt=Line.l93=1, {16AF0107-13B4-4268-92FD-217D9F47F730}
PosPt=Line.l93=2, {7AC2EAF3-4B5C-41A3-B49C-2DDAC373DBAE}
LineLoc=l94=1, {8B614DAF-F77E-4121-A3EE-1F160E5D7BFF}
LinePhase=l94_A=1, {21780FA3-78D3-44CE-9701-54FF78059864}
LinePhase=l94_B=1, {01FD8822-5DB6-4F91-B82E-CF994F17DB6E}
LinePhase=l94_C=1, {943E481F-8AB2-449B-BBD1-467C1D628102}
50=l94=1, {9EC77E68-4155-4FEA-8C3D-26B9B94DCC9D}
50=l94=2, {2199FF47-1034-4E2A-8603-92E39F821082}
PosPt=Line.l94=1, {86B573BD-6561-4B61-9BB2-84738DF461CA}
PosPt=Line.l94=2, {7E36B0A1-623D-4367-8D83-7C72C44F8786}
LineLoc=l95=1, {C260E43E-FFC0-4403-B707-401EC0FC9607}
LinePhase=l95_B=1, {57977E05-D3EA-4DC8-B5FA-7A3DB765A61F}
50=l95=1, {41FFD1CA-5897-46EC-BC8E-D39EDE0F3C9A}
50=l95=2, {BD495C0E-A450-4675-A731-99933AB33B78}
PosPt=Line.l95=1, {2FA593EE-46AD-48B3-85CB-ADD9993BBF7A}
PosPt=Line.l95=2, {793EDF82-09C6-4C6A-8E97-1E83E72BC726}
LineLoc=l96=1, {1F56F84C-A217-4A84-81E6-0303A7A0667F}
LinePhase=l96_A=1, {434E7226-98F3-4AE1-BECC-9CA1B9D8BE80}
LinePhase=l96_B=1, {1EC4265B-8455-4879-BA1F-25239743CECD}
LinePhase=l96_C=1, {882BA5A7-C51B-4462-BE88-EFB24AD43F34}
50=l96=1, {15E4C928-EA98-4585-B9FC-18F8D6F3DE8B}
50=l96=2, {1FB9239A-1037-48CB-A5EB-615AE603861A}
PosPt=Line.l96=1, {512D2ECF-8FA4-479C-B1CF-C4494CF7FB68}
PosPt=Line.l96=2, {412FE791-4453-4160-BEFE-A32ACB24EDC9}
LineLoc=l97=1, {4F01B009-2661-4EA7-B9D8-089DAA12C751}
LinePhase=l97_A=1, {E6284BB4-4336-4EC2-988A-66A074C23D52}
LinePhase=l97_B=1, {BBBB987E-C0B4-494F-A448-0B00D0DE94CD}
LinePhase=l97_C=1, {E0A9E0BF-0358-4147-B4A0-8CFD45426FE4}
50=l97=1, {9A28C831-5978-447E-92E0-BA43CC834495}
50=l97=2, {7D7BA937-BC1E-4B3B-B585-5556C2A0E5C3}
PosPt=Line.l97=1, {4060D056-C84C-451A-9167-36064DB05D87}
PosPt=Line.l97=2, {591F96FB-C274-4549-B434-EE1616E75367}
LineLoc=l98=1, {939631FB-9783-4F6F-85F4-148FAC8BC7AA}
LinePhase=l98_A=1, {C3F5CC62-11B5-48EF-846B-E7C729E3CA04}
LinePhase=l98_B=1, {6FD3F7A7-C175-4859-BED4-7D06DB2784B4}
LinePhase=l98_C=1, {02664839-CB05-4CDE-BB79-D6EC7C4E840C}
50=l98=1, {6FF6272B-D621-4B56-BA52-37D428015730}
50=l98=2, {4CB36785-32E2-4D4C-AF23-92C7D895861F}
PosPt=Line.l98=1, {897D378A-5683-4009-AC64-F212FC4AFFA1}
PosPt=Line.l98=2, {3ADFA0ED-EFEA-4FA9-B417-514F7782C807}
LineLoc=l99=1, {0C205EE3-B06C-4397-B051-C57A1A8A1121}
LinePhase=l99_A=1, {2E9CA279-4892-4C15-A0B9-0A3CF83E85BF}
LinePhase=l99_B=1, {D25615FB-5F8D-4F5E-B188-2D2EC72E7DE4}
LinePhase=l99_C=1, {98EB15E3-50DF-489F-8591-0F54B1377A1A}
50=l99=1, {5A6D50A5-8A04-4E4F-ADC8-4191B1F892B4}
50=l99=2, {0277DBC5-5D84-4352-99B5-836C6837BB46}
PosPt=Line.l99=1, {F41FA80C-28D6-4835-8287-0F22C31EAB4A}
PosPt=Line.l99=2, {5335B17E-04A3-4228-A8EF-EA1B56066E16}
LineLoc=l118=1, {0EED99CD-09A8-4BE5-A07F-ECC9281798BF}
LinePhase=l118_A=1, {904EC910-8A2E-49FC-9C3A-8997B463D2D8}
LinePhase=l118_B=1, {80A219D2-513A-4C80-B827-0A092CFD1C72}
LinePhase=l118_C=1, {7CAFF3CC-8D7D-46B4-8C42-75F6FC19895B}
50=l118=1, {B8064663-D91C-4836-A1F1-7AC6A80C273F}
50=l118=2, {29400AF2-4A8F-44E6-B7E3-7ECE0A5F34F8}
PosPt=Line.l118=1, {E0D0B404-A899-40D5-8A9D-9CFB8BBEC60E}
PosPt=Line.l118=2, {95B92300-9D60-4FD2-A454-2E8B7167DAE4}
LineLoc=l100=1, {E64361F2-D00C-4A0C-9580-EB19CC5F9F82}
LinePhase=l100_C=1, {505586D7-0320-4586-BC9F-971B124A8A1B}
50=l100=1, {42588D88-24CE-4628-9D9C-81D766316D59}
50=l100=2, {28EA7F5A-C179-4580-968C-53EBBBAEC1AA}
PosPt=Line.l100=1, {828B3540-E9C3-4C27-8B4D-C9C03B31406D}
PosPt=Line.l100=2, {4922FEEC-FD4A-4420-97E3-5108C966824F}
LineLoc=l101=1, {52926F58-EEAA-41A5-B87F-7C9F5D5E3E11}
LinePhase=l101_A=1, {0DF710AD-30E3-4DBD-9846-1FF78F725AA6}
LinePhase=l101_B=1, {812B9FA2-A082-40A7-805E-133427E7A154}
LinePhase=l101_C=1, {4050D853-3086-4979-B3DB-F849B427C01A}
50=l101=1, {C8F5BFBD-D27A-408E-A2FE-03DB64984F04}
50=l101=2, {4A086A75-CBAC-4BA4-BC2C-01D78DA5C190}
PosPt=Line.l101=1, {E8B5FC93-E7C3-4B56-B8A5-1A444803AA80}
PosPt=Line.l101=2, {AD2F1963-9650-4528-BF04-A0BFF69A1F87}
LineLoc=l102=1, {93517416-1DA8-4619-98CE-F1FAC023D337}
LinePhase=l102_C=1, {A55E08A9-B43A-4A2D-8379-150AAEF154AB}
50=l102=1, {84E41493-C530-4B24-BCF5-A540D10A97A3}
50=l102=2, {A5C7569C-1B5D-4D20-A12A-3DEEF6AC93C5}
PosPt=Line.l102=1, {3000B8A6-CB7D-4F1A-A138-C73D8726D2A2}
PosPt=Line.l102=2, {40685485-01C8-4622-897D-419365FDB890}
LineLoc=l103=1, {35324148-6073-48D1-AD1E-AE7D41987E8F}
LinePhase=l103_C=1, {337897BD-C563-4270-8302-C13193B28C4F}
50=l103=1, {4B2F95F0-0DD4-4A35-9329-C61C59DC95AE}
50=l103=2, {8CC6C714-1018-41D9-BDDE-0B9F3DBC5E15}
PosPt=Line.l103=1, {CAC20301-BAF3-4349-937F-4FC9B7D078D7}
PosPt=Line.l103=2, {0446FEE7-8959-42FB-951E-441BFB4B01AD}
LineLoc=l104=1, {2A3BA076-A955-4A4C-94AA-DF2960AA4630}
LinePhase=l104_B=1, {192147F4-2B2C-44CC-BFB6-150CFC7D3293}
50=l104=1, {1106C31A-D972-4A89-917B-63ECAE1BCC93}
50=l104=2, {72CBACCE-5537-4BEB-B77E-6C17146D0C98}
PosPt=Line.l104=1, {030276DB-2FDE-4D84-ACFC-F6D003775183}
PosPt=Line.l104=2, {1F7C0777-A2FA-47DD-B1DA-7EAA78ECBBEB}
LineLoc=l105=1, {BD34612B-87E8-4D73-9EE2-A4B66FE170DE}
LinePhase=l105_A=1, {46EA7307-F065-42F8-AD5A-5AFDEA157EA5}
LinePhase=l105_B=1, {DA1047A9-8ECB-4089-BE8D-B11213A078F0}
LinePhase=l105_C=1, {1D932192-1C70-448D-850E-6CEFDF8460CF}
50=l105=1, {0ECD2D8C-C793-47E1-9641-CE4FB2EAFDF2}
50=l105=2, {63AB8F97-F57F-4F03-81FE-4A957B5076F6}
PosPt=Line.l105=1, {A68AA8E9-5B74-4E93-BDB8-19C4F530C187}
PosPt=Line.l105=2, {7A1904D3-827B-4B9F-A8BC-024ED62A36B2}
LineLoc=l106=1, {B38998DA-6BC9-4ABB-BE85-09AA97343D3C}
LinePhase=l106_B=1, {858A1E91-5D51-4311-8A16-F0D048FE3564}
50=l106=1, {266D6AA5-0189-4163-807F-D69BE225B9B7}
50=l106=2, {3B9BFAEB-BF57-40F8-AC90-4ACF0327A639}
PosPt=Line.l106=1, {7800C6B6-F550-4510-875D-9D64B29ED3D6}
PosPt=Line.l106=2, {3B7B4CB6-4942-411B-87CB-73E19AFCAA1E}
LineLoc=l107=1, {36CD2265-A1CB-48CB-879C-FFC649EDFE31}
LinePhase=l107_A=1, {F5E4960F-F7EE-4778-8A08-3EB1A715F319}
50=l107=1, {4AC3FCDA-B8B0-4838-9EF4-43ADFD8148D0}
50=l107=2, {DAC36899-7992-4284-929F-6CC583F736BD}
PosPt=Line.l107=1, {2E2DCAB0-DFBC-485C-BD53-E64980E2BCF1}
PosPt=Line.l107=2, {2A19730B-01B8-42EA-AD38-5A09A71CE653}
LineLoc=l108=1, {7BEC6A39-533B-41BA-BA82-DBC47A9A2CA3}
LinePhase=l108_A=1, {3168C7AC-9CB1-48A8-9A29-1344343E4E53}
LinePhase=l108_B=1, {D887DEE0-F92A-42AC-B5A1-B4C7D292AA76}
LinePhase=l108_C=1, {D6004D66-6394-471F-AFB1-EB799B47C4DA}
50=l108=1, {7BEB26BC-CFBA-4798-BBB1-E94F6B334CB2}
50=l108=2, {E1474BD3-C5D7-4A56-8A30-78F1CFE278C8}
PosPt=Line.l108=1, {FE54AD41-67AD-4E1C-94DB-1852DB05041B}
PosPt=Line.l108=2, {B67056B0-7FD5-48C8-A0FC-0E4601B06873}
LineLoc=l109=1, {8D6A21C2-9264-46B6-A718-875C57725D78}
LinePhase=l109_A=1, {5E5D1433-C69B-43E2-A977-74C56D5DF6A4}
50=l109=1, {79344B37-AB16-4A8F-ABB9-5683013E0E49}
50=l109=2, {A869F135-27A5-4281-9E24-84D1267D708F}
PosPt=Line.l109=1, {F8A23DCA-B856-49C8-835B-11E896F9048A}
PosPt=Line.l109=2, {74823E86-4F26-4397-8E11-BDB68A07E644}
LineLoc=l110=1, {D584EB18-5703-465E-A46A-1FCA24534CEA}
LinePhase=l110_A=1, {CD705D3C-B248-4147-B6A7-3DCA2DA69C73}
50=l110=1, {F682414B-C439-4D0F-B013-38F3E915985D}
50=l110=2, {FB1FAC9E-41C7-4D89-9755-DC0B63F3E902}
PosPt=Line.l110=1, {30B392DF-40EC-4187-9193-D6C1BF3A7216}
PosPt=Line.l110=2, {6C938211-053D-4FBC-9EA5-9E3143411CF6}
LineLoc=l111=1, {83D1E3EA-06BD-4E4D-8170-5452C55C76E5}
LinePhase=l111_A=1, {984938C8-CBE7-44A9-B4A9-D2859BC75A43}
50=l111=1, {9EE76977-E0A4-4579-8AE1-BF41DFB2E41D}
50=l111=2, {47FCB407-8DF5-49A6-9DD0-B0B915CD279D}
PosPt=Line.l111=1, {73DC43E5-268D-4848-84AD-5BCE0DB160CB}
PosPt=Line.l111=2, {E4B8ED65-722B-4430-86EB-71B998CB411B}
LineLoc=l112=1, {FAD3DA48-E044-4156-8272-D2A9B651CD6B}
LinePhase=l112_A=1, {412F6EEF-BAC2-487D-A623-A2ED83BB012D}
50=l112=1, {CB8D63E7-391E-410A-8405-973779E533AE}
50=l112=2, {0695C868-898E-4194-9472-085A6889DCF6}
PosPt=Line.l112=1, {E7131D00-AD63-4E1D-8E36-118AC7768090}
PosPt=Line.l112=2, {2A7541A4-77A3-40DA-A99B-B641A8F8E524}
LineLoc=l113=1, {1CAE0FD6-CD27-4C18-B07D-0643B2434B33}
LinePhase=l113_A=1, {B75C5926-4358-4814-8629-E4E681644023}
50=l113=1, {FE48C536-A345-4D39-A345-71C7D450647A}
50=l113=2, {EF401A57-23E9-4190-85A1-6F2128CF7BA9}
PosPt=Line.l113=1, {F95B8D45-C6E2-4469-A738-CF5CCA71B28E}
PosPt=Line.l113=2, {206D65DF-8AA6-4888-93C7-04EB5055B961}
LineLoc=l114=1, {4898C800-A66F-4651-B752-5599FADAFE6E}
LinePhase=l114_A=1, {9C6CC8EA-C501-4348-8142-5B7AB8E8BED7}
LinePhase=l114_B=1, {6028962A-56C6-4631-A69B-A20D592996ED}
LinePhase=l114_C=1, {7D8DD384-6BD5-4F53-AF33-D454D8BC4047}
50=l114=1, {69E0C912-F419-4B0C-91C6-3A6719B1B5CD}
50=l114=2, {AE24BB20-6F71-4A5F-ABF8-DE69A80B14FF}
PosPt=Line.l114=1, {CDB4DF86-0514-4EA6-AC2F-C55748085F12}
PosPt=Line.l114=2, {50FB7932-CB51-4E58-A8F8-5920A1CF7A2E}
LineLoc=l116=1, {29C89EF8-2E01-42C3-AFED-E0A090D8E5B1}
LinePhase=l116_A=1, {95135B0B-69B4-477A-8518-860B4C8A6A62}
LinePhase=l116_B=1, {E39BBDB1-C6D7-41E6-B6E7-317698EFC8F9}
LinePhase=l116_C=1, {8FEBF2DE-54AF-4C88-9822-8DAE4847AECA}
50=l116=1, {BB7DD4F2-0F5E-4F48-B297-BF715A1F0EE4}
50=l116=2, {F871B402-A4EE-4416-95E1-3C6B3B62DA74}
PosPt=Line.l116=1, {2C89C6AA-2478-4BAA-91CA-0FBDDE3B4361}
PosPt=Line.l116=2, {87E71E12-5AA1-42A1-8702-2F32E9FD7D53}
LineLoc=l117=1, {ACC1CF47-59B1-444F-A7B8-D7A2E5E83DE9}
LinePhase=l117_A=1, {3AD3A4A6-2EC7-4436-9E81-8C64EA8C510F}
LinePhase=l117_B=1, {B36DD349-55F4-4BC8-9C75-38A1C85C4B81}
LinePhase=l117_C=1, {3FE18FFE-BAAF-4927-BCBF-CCEF4C7ABCCF}
50=l117=1, {ECC9E44D-E463-47C7-807E-EEF5760B2011}
50=l117=2, {730AA60E-F04F-4E5A-A185-E3A20F050F64}
PosPt=Line.l117=1, {A8FDF8FB-CD1E-479F-99DE-64205212B655}
PosPt=Line.l117=2, {45184EBD-72A6-490D-8D24-6ABE13843616}
LineLoc=sw1=1, {CD486377-A03B-48AB-AAC1-4A9DAC5EEA8B}
50=sw1=1, {2F73F2E7-DA0D-45B7-AAFE-3D73E110A71D}
50=sw1=2, {928C2415-F1A2-43C5-8F8E-27C1CA53463E}
PosPt=Line.sw1=1, {EC0FA86E-1BB0-406F-8038-04D77CA3ABAC}
PosPt=Line.sw1=2, {57FA5348-ABB5-42AD-A9D3-7B70050633B9}
LineLoc=sw2=1, {C95C8148-D282-48CE-BAC2-E99DE61F9CF5}
50=sw2=1, {48AE41CC-D810-4391-A8E0-48D854AE2912}
50=sw2=2, {AEBCB011-CC9B-416B-9EE6-8ADA3639A2DB}
PosPt=Line.sw2=1, {FD288313-FF85-4DA8-B56E-491D07C108FD}
PosPt=Line.sw2=2, {E9C3FD70-1891-4169-9C0E-6C560D78B0B0}
LineLoc=sw3=1, {E6387F1B-0F48-4DEE-AFB7-1E70E710A63C}
50=sw3=1, {17F3A0E6-2568-4D4C-AE07-351DFC414392}
50=sw3=2, {D4177F44-41A3-4CB0-9B29-AA9547446774}
PosPt=Line.sw3=1, {973DC6B2-542F-438E-B756-7457968D8EB7}
PosPt=Line.sw3=2, {1A8DED23-338B-4386-A63B-83055452A07B}
LineLoc=sw4=1, {3F9F2BB1-BF24-4CA9-A046-D489DC5494E3}
50=sw4=1, {AF060370-DCAB-45DB-99C8-72340E1F1F87}
50=sw4=2, {0BB0C720-4A3B-4F2D-8728-7ABE25A12F71}
PosPt=Line.sw4=1, {613BC35C-037F-4026-AD80-F1DC8C69E4B3}
PosPt=Line.sw4=2, {1BDDFFCA-6F99-49D5-A99E-8DF906A70902}
LineLoc=sw5=1, {4024BC46-B937-452F-8192-618F969D18D3}
50=sw5=1, {5249093C-BDF6-4528-A7F4-7D7F7B7966D9}
50=sw5=2, {9832DD02-724D-4C36-A7A7-76B653A6BFDE}
PosPt=Line.sw5=1, {4BA6385F-1A36-4BA9-BC1F-595BD69A0990}
PosPt=Line.sw5=2, {29B99C77-8DB5-4A23-8FF3-EFFB7E3D99A3}
LineLoc=sw6=1, {68EBEE37-ADAF-40A2-B5BA-6FA7BE624ED6}
50=sw6=1, {45C0D803-C342-46DD-B068-E342A3E8116C}
50=sw6=2, {DA5667C1-F359-4556-8EC1-B969EBF9F914}
PosPt=Line.sw6=1, {93EC9F2C-2989-4075-AF68-1D10B7F90A11}
PosPt=Line.sw6=2, {FB3500E5-27A5-4084-89B7-32221F0257D3}
LineLoc=sw7=1, {A0AB637C-7429-46EB-AC07-1B01C9FCE216}
50=sw7=1, {7F5A59A6-D10B-4197-9EA0-371DEEA1BCBD}
50=sw7=2, {A11DD5CF-0771-4E93-90CF-3572FEAC4549}
PosPt=Line.sw7=1, {53287781-35DF-4E60-ABFB-197A2D2B598E}
PosPt=Line.sw7=2, {5B025E28-2D65-4828-BAA2-1BC2500A671F}
LineLoc=sw8=1, {8EE39EC5-FBE9-4F8D-82DD-B5AEE6EA9AA2}
LinePhase=sw8_A=1, {959B2EF7-7DD3-4052-8003-13C11914A2F2}
50=sw8=1, {AFA6AB5A-4BC0-4E1E-906F-DAA8B49E60F9}
50=sw8=2, {D74AECF4-8AE0-4812-914C-1FAE73AEEF5C}
PosPt=Line.sw8=1, {D5F08A8A-B685-4535-BBBA-CA57A82E61AF}
PosPt=Line.sw8=2, {6574A559-D4CE-4B6D-A9C0-6FEA5A69E84C}
LoadResp=ConstkVA=1, {2C2D8D79-9E12-4E27-87D0-6478B54E7EC0}
LoadResp=ConstZ=1, {A5FC7FB0-3B81-4C40-8DFB-D22D8E34C6F7}
LoadResp=ConstPQuadQ=1, {0223E2F4-FE2E-44B3-8CE7-AD76CB20FEA1}
LoadResp=LinPQuadQ=1, {69A04CC7-6177-407F-BE09-19DDDF8A1601}
LoadResp=ConstI=1, {259BE053-44BC-474B-AD91-59489277AE8A}
LoadResp=ConstQ=1, {D496E20D-0E23-4689-8405-606BED7E3C60}
LoadResp=ConstX=1, {762D0F40-EBA2-4176-B76E-DEC4C801DD86}
LoadLoc=s1a=1, {61635003-BD27-4466-961D-987933C1E617}
LoadPhase=s1a_A=1, {B297A853-984A-4283-A262-A3F98C7BBF63}
59=s1a=1, {82E7650C-96B1-4B48-B032-909D5EC45538}
PosPt=Load.s1a=1, {549ED49C-DFB4-448C-ADA3-451A525879B2}
LoadLoc=s2b=1, {C80D124F-4004-4A2A-90F1-77963A9EC929}
LoadPhase=s2b_B=1, {D5EC84C4-C7D3-495B-A7FB-7330B201773F}
59=s2b=1, {113A3C99-1B1A-41D1-A42C-359295A5CEC9}
PosPt=Load.s2b=1, {CBB782DE-627D-4D61-AC5B-CCC7D11D5CC3}
LoadLoc=s4c=1, {7FC946E1-5B24-4B56-A056-EB771E13BC54}
LoadPhase=s4c_C=1, {307C8F34-70D0-4600-82B8-799307E7D3AC}
59=s4c=1, {959A4D4C-0843-49E3-962C-33126E87E426}
PosPt=Load.s4c=1, {90E98EC7-9844-47B3-8857-EF40AFC2FF54}
LoadLoc=s5c=1, {8B8C3B90-AFDF-4DDA-9C54-7676C9404652}
LoadPhase=s5c_C=1, {13B47C60-1080-4974-A9B9-E7A5B9B7117B}
59=s5c=1, {CA527A9B-1F47-485A-8F95-FB30D531B6B2}
PosPt=Load.s5c=1, {DA4FBCBD-E03F-4BAB-92FF-C2B7F1BEE1FF}
LoadLoc=s6c=1, {CA343728-9FD8-4C96-A075-FF0AFF463BFE}
LoadPhase=s6c_C=1, {529E57DA-DEA0-4CE9-A415-B64C0FF7C45B}
59=s6c=1, {922058C9-917D-4094-A9AC-74BD281DFB36}
PosPt=Load.s6c=1, {E0BF7400-B60A-45F4-A916-EF058FA8D361}
LoadLoc=s7a=1, {170FDE3F-D548-4EE4-867E-71EC3C948CF2}
LoadPhase=s7a_A=1, {6F0BF511-3F07-43D6-A392-75A71CCB6F25}
59=s7a=1, {B7C7998B-C4DD-4207-AFEA-2AD9A1A172EF}
PosPt=Load.s7a=1, {96D2233E-14CE-43B2-98FF-49BE424987AA}
LoadLoc=s9a=1, {B787209C-3656-43FD-8C79-8F44EE939782}
LoadPhase=s9a_A=1, {DA006AC8-B339-4DD0-8AF1-A0832B398911}
59=s9a=1, {DD1F3C57-D3B1-4F3B-9129-CFF8B569EB19}
PosPt=Load.s9a=1, {FBBC32DA-4FCB-4E07-AB8B-8EAAA28E136C}
LoadLoc=s10a=1, {F2B0CC53-85A5-4281-96B8-5DA14A32BA21}
LoadPhase=s10a_A=1, {6598D4CA-06A6-4620-83A8-B4C874BC0F80}
59=s10a=1, {DC3F371A-D30E-435E-93C8-027D8484848E}
PosPt=Load.s10a=1, {6B77B209-721C-4DB2-B375-7F6AC67A2EAF}
LoadLoc=s11a=1, {9B432669-6795-4734-A438-6C122A69697A}
LoadPhase=s11a_A=1, {A361E1C6-7435-4581-8361-B4601F66389B}
59=s11a=1, {644C073E-9FA4-4B9E-A4CD-5C24ADBA3D01}
PosPt=Load.s11a=1, {AC2A62B5-8EFA-4EB5-A2ED-0CDC91E86268}
LoadLoc=s12b=1, {7221F611-9565-4AC4-B37D-9FB5970D9823}
LoadPhase=s12b_B=1, {04664E51-7141-4C6A-B5E2-77D53BB96B21}
59=s12b=1, {7EC8C24C-02D9-4FFA-9FDB-327238E0BA90}
PosPt=Load.s12b=1, {A0D7116A-AC5B-4581-B847-35D132BAE664}
LoadLoc=s16c=1, {CC87A7A6-B713-4F63-8AB2-5B9146B2EE66}
LoadPhase=s16c_C=1, {E05906CE-0273-4FDC-AEB7-E6EAA0AB910F}
59=s16c=1, {6970BF5C-8A8A-4778-BEAC-B665A494B324}
PosPt=Load.s16c=1, {697D2315-AB53-422A-AF00-48033DCB4D41}
LoadLoc=s17c=1, {2532D04C-C125-40E1-8D00-5AD52F360E5B}
LoadPhase=s17c_C=1, {B2C7C02A-A595-43F3-B29B-213E96458A98}
59=s17c=1, {39F8F99A-720A-4BCB-93C2-F5DBF05E31FC}
PosPt=Load.s17c=1, {7E0DC859-3BB2-41F4-9D47-BDA011466045}
LoadLoc=s19a=1, {25BBDBC8-3544-433C-9680-2ECBFAE7EA3C}
LoadPhase=s19a_A=1, {4633516C-EF97-4F40-BAA1-FEE0D87FF89A}
59=s19a=1, {B3A1A37E-F805-4860-9E8D-E37BFCB6A99C}
PosPt=Load.s19a=1, {3F83B5E4-59B9-445A-ABD4-D11C31C6487A}
LoadLoc=s20a=1, {358A0699-75E9-4A16-AC98-45A59FDFF222}
LoadPhase=s20a_A=1, {7D2DEF49-2282-4DE1-9634-D2A3A0010366}
59=s20a=1, {8F94CD04-8341-42E2-ADF3-6DD980A37CB7}
PosPt=Load.s20a=1, {2D01F55C-5D6B-4A3F-9DC1-01EEB4D5EB0C}
LoadLoc=s22b=1, {53F44D9E-FF25-4C5A-975B-ADCA94565C00}
LoadPhase=s22b_B=1, {86C562E3-B0A5-4036-A953-BF6CC89C5897}
59=s22b=1, {0413927C-1135-4411-9F2A-226C88F676CA}
PosPt=Load.s22b=1, {7F241690-9A9C-4788-8A20-5A88EE09D8F9}
LoadLoc=s24c=1, {B6459246-4FAD-417F-AA80-1E47B8A4A83D}
LoadPhase=s24c_C=1, {224AEAC3-03F5-41F1-8099-475C79A1D8AD}
59=s24c=1, {A7CAC239-E046-45D5-8BBE-4D05C1712586}
PosPt=Load.s24c=1, {365F3123-F50E-444B-A518-400591D414E6}
LoadLoc=s28a=1, {D2E7E8BA-162E-45F9-AAAB-D54F478A1CB4}
LoadPhase=s28a_A=1, {5764EF42-B69A-4140-A7F5-2F7ECF306D8D}
59=s28a=1, {A47C5026-6294-4FA2-B609-48242358DF98}
PosPt=Load.s28a=1, {AA5BF873-0D5B-45D4-AABF-6369553A9703}
LoadLoc=s29a=1, {77C157B3-2771-4C1F-B279-FAA186CBD51B}
LoadPhase=s29a_A=1, {31070526-42D6-4953-A8C3-7EC1D82CF77F}
59=s29a=1, {468883EB-0FF8-4B21-AA77-E89A7880681B}
PosPt=Load.s29a=1, {84B0A39D-5CFC-4D22-BE24-2BD66F3DB6A7}
LoadLoc=s30c=1, {550E4A3F-429B-4988-8030-336D82FD0D55}
LoadPhase=s30c_C=1, {156E32FB-384B-4726-9B9C-EB298DEC2D65}
59=s30c=1, {BD7D3BDA-73F8-4D0E-80A4-7E1CC6B568D8}
PosPt=Load.s30c=1, {303B9789-4628-4026-BA0F-5E53AB18B91E}
LoadLoc=s31c=1, {2403FED8-56F4-4859-A98E-10A9D6172212}
LoadPhase=s31c_C=1, {A8C9F71C-E109-42F4-9E90-23035EBC3CFF}
59=s31c=1, {C8D43F2B-A54F-4DB8-8047-02E612355368}
PosPt=Load.s31c=1, {B007FF99-E634-4894-A605-B1AEC556B1BC}
LoadLoc=s32c=1, {B130085A-3316-4388-A96A-6FB96C0A55EA}
LoadPhase=s32c_C=1, {3525C79E-4BC5-40DF-8FFA-9DBEC6BF8E5E}
59=s32c=1, {A4946E8D-1C6B-4913-9931-9EC4C08BAD41}
PosPt=Load.s32c=1, {96E2C7A8-D786-4885-AD3B-728E2A5C5C6E}
LoadLoc=s33a=1, {484FA4DE-ECC5-492C-8B75-3A039255ADF8}
LoadPhase=s33a_A=1, {362277A1-6229-4B85-BD0D-A7421853B3AE}
59=s33a=1, {4F915E3D-0980-44DF-97F7-CBD5C3A8D84A}
PosPt=Load.s33a=1, {F8AA5CB7-CB73-4F69-B911-25C883B7BC9D}
LoadLoc=s34c=1, {CC5D6CB0-B772-4A89-A5BD-6A5A988B2B24}
LoadPhase=s34c_C=1, {D43738DD-CA42-4A76-9DF1-CC25FA4211CD}
59=s34c=1, {50A28327-A8C0-4653-ACC5-BB48EBF7EE4A}
PosPt=Load.s34c=1, {FDF86E1E-671B-4075-B651-99F94DC1D7E4}
LoadLoc=s35a=1, {B859E88B-C5CD-412C-98B5-0821FCA6E4EC}
LoadPhase=s35a_A=1, {76373FD2-A1E9-4566-9372-2202A7171F6A}
59=s35a=1, {B6F87AA2-F12F-4EC4-A8DD-4C85B55D38D6}
PosPt=Load.s35a=1, {C640711A-9F06-43D3-B97A-72A59CF398D6}
LoadLoc=s37a=1, {F3E9728F-99B6-46F9-805E-FAF8D782B3E1}
LoadPhase=s37a_A=1, {0496ED6B-C6B3-40F8-A847-C01E572CAEF6}
59=s37a=1, {EF262374-D0A6-4EBC-A3B5-79042AB6E688}
PosPt=Load.s37a=1, {C6CBA25D-EC63-4355-A660-AF2B3D5F9D6F}
LoadLoc=s38b=1, {D755AB35-062D-4C9C-9CE4-6324B1212343}
LoadPhase=s38b_B=1, {E0793DD7-0C0A-4B63-B0F0-FEA6181B66F4}
59=s38b=1, {49B45DD7-FB51-4176-A1B7-D27F03EE534C}
PosPt=Load.s38b=1, {B579CD2C-F5FC-40C6-9D75-F2B0AACC8DA3}
LoadLoc=s39b=1, {733EA2FF-66FE-42DF-9947-879E4812DFA7}
LoadPhase=s39b_B=1, {A5DDDDE5-3607-4D77-90E8-AF6CB40F0B12}
59=s39b=1, {FB0AB810-11D2-4C27-8383-AEB00624DC26}
PosPt=Load.s39b=1, {9EA1EC77-02CF-48FB-A13A-D708D049D484}
LoadLoc=s41c=1, {13F8C49D-5D6B-4958-B6E4-C48DE5B15528}
LoadPhase=s41c_C=1, {67FEAE1B-0E1E-4620-AB41-8F87C052BA46}
59=s41c=1, {C2A89E4D-91BC-4948-8262-EE39F8416F69}
PosPt=Load.s41c=1, {06E83594-52CC-4F39-88A5-F91D6DEB7971}
LoadLoc=s42a=1, {F7A32051-239E-4B42-B974-8990D304E356}
LoadPhase=s42a_A=1, {E91B3A6C-0552-454C-9B82-16E35496911C}
59=s42a=1, {0885C199-F6BF-45B4-84A3-69B331F65536}
PosPt=Load.s42a=1, {E35FE2E3-B5AF-4418-8CA2-DF5DBAA52AC9}
LoadLoc=s43b=1, {E52CE542-F33A-47BD-80F9-B5C44D6E603A}
LoadPhase=s43b_B=1, {506B1118-6C20-4B32-B734-37D02C162726}
59=s43b=1, {A5D8F7FE-9DCC-4D3F-B1F4-81277D2B11D9}
PosPt=Load.s43b=1, {7DAC0285-674E-4F8B-8FFA-1ABC3C6D1A53}
LoadLoc=s45a=1, {A609A21B-0117-426D-BCCB-4842C82050D0}
LoadPhase=s45a_A=1, {8839B13D-3823-4F95-8E58-8A4C7866BB78}
59=s45a=1, {103484EA-A0E1-4FC7-B75F-35748367BF60}
PosPt=Load.s45a=1, {BE97F706-DB10-473D-81E1-7E5C8FD27D72}
LoadLoc=s46a=1, {8FCF7CCB-C171-41AD-A453-7A4F8F25C6E8}
LoadPhase=s46a_A=1, {8B6BB9A2-B2B7-4552-ADE5-9D47CF020163}
59=s46a=1, {6A2EE298-7CD7-4FCF-92B4-B5C66FC1B1B0}
PosPt=Load.s46a=1, {CD239241-AEAA-40C9-9135-A5E985310B3F}
LoadLoc=s47=1, {6B4AFC6A-E367-4416-92C5-7383117BD4EF}
59=s47=1, {E8EE8ECC-2982-49FB-8113-E211C557157F}
PosPt=Load.s47=1, {F50EEF73-4C1A-4289-9CBA-E5C7504D6A91}
LoadLoc=s48=1, {B8958128-483C-4EC4-A191-918F75212873}
59=s48=1, {764AFCB1-23F5-4FDC-B87B-839801342E65}
PosPt=Load.s48=1, {06D67463-774E-40B7-BE23-2F4C1445D16E}
LoadLoc=s49a=1, {3574CE58-FBD6-4C73-8946-F9E6C83D556C}
LoadPhase=s49a_A=1, {9292B6E2-F9D9-4CDF-9381-459B005CA7C3}
59=s49a=1, {5A2A16ED-C1ED-4833-AA8C-CCF9FD86F9CD}
PosPt=Load.s49a=1, {63EB1E77-84E8-4251-BDA1-E0C21D061B93}
LoadLoc=s49b=1, {DBB7D9AE-5052-46D0-B3B7-90DE380103F8}
LoadPhase=s49b_B=1, {DD1A23FB-1467-4056-8102-35E01ADDBAC6}
59=s49b=1, {50C62FBF-E564-4B1E-B331-9F3BE4B5BEC6}
PosPt=Load.s49b=1, {ED048EFE-EA0A-46A8-91B5-A93F22220A47}
LoadLoc=s49c=1, {64DEEFBC-701B-4EC2-A238-48788BEE1589}
LoadPhase=s49c_C=1, {385D3311-6263-4207-9BBA-E1C17FBF5013}
59=s49c=1, {89313BC2-13C2-4A53-937E-B750FAC72D43}
PosPt=Load.s49c=1, {15689C4F-B0BA-4686-B729-CEE2E9562385}
LoadLoc=s50c=1, {79A7EA54-5EA0-4FE5-8775-1214E22313A8}
LoadPhase=s50c_C=1, {28F58EF6-1049-4F3E-B6CD-E3ADA37C8102}
59=s50c=1, {31426FF0-4630-4C0F-A44D-C183A077F6F6}
PosPt=Load.s50c=1, {9ED8A9B5-4FBE-416D-81B6-FADCD977559B}
LoadLoc=s51a=1, {A35EF7D4-F63F-4634-BEDE-B50E6B4F58B6}
LoadPhase=s51a_A=1, {D9ED77DE-7D93-46F7-8750-BED57585A959}
59=s51a=1, {F58D135E-056D-40C8-BBF9-7B03A3854962}
PosPt=Load.s51a=1, {16C20E66-6C1B-432C-B40A-8133B5FBEB7A}
LoadLoc=s52a=1, {B99DC78A-A6AF-4E08-A579-BE96D0F5FD3F}
LoadPhase=s52a_A=1, {86659960-4B53-464D-8A76-062BE8640DE2}
59=s52a=1, {5916A5F6-5248-4B26-88A3-9A73F027E4BD}
PosPt=Load.s52a=1, {6376ADDA-96B9-475B-A5CE-86022FA4065B}
LoadLoc=s53a=1, {FF444E1C-3F12-46C8-ADFB-E719964BF67F}
LoadPhase=s53a_A=1, {73133D6D-E8E3-4A62-8FB9-70266232DFE3}
59=s53a=1, {D722B2B1-A8D0-457C-8E8C-4A015613C0AA}
PosPt=Load.s53a=1, {B4CFED6B-E445-473E-9251-556B1067B5AA}
LoadLoc=s55a=1, {4AA1F0DB-DA4F-4563-B2B7-2ADAB758247D}
LoadPhase=s55a_A=1, {F610A34A-1CC8-4A9A-9472-D31CA36CFE60}
59=s55a=1, {FB5D1E67-72BA-48FC-BACB-591E10B3F45E}
PosPt=Load.s55a=1, {174100A5-54B7-4E54-BA0E-BBAFA41D06DD}
LoadLoc=s56b=1, {8DF74AA2-DC04-41A7-A5AC-213A3E7E8D6E}
LoadPhase=s56b_B=1, {017E89E2-5CFD-481E-B14E-7DD38F9B38FB}
59=s56b=1, {81DDF45B-679E-4671-B951-AEDA355AA5B8}
PosPt=Load.s56b=1, {130F8660-635D-416B-8AF9-90579384DB79}
LoadLoc=s58b=1, {187056B5-858A-4BD3-8554-F1D7273AEF28}
LoadPhase=s58b_B=1, {9E1D1B9B-36AC-432C-9C39-66B2E457669A}
59=s58b=1, {24DB0511-EABF-4620-8433-CBFD581B2E1E}
PosPt=Load.s58b=1, {66A16D7A-7F5B-439E-B3F5-FA3D5F4B1B58}
LoadLoc=s59b=1, {473BDB18-8E90-44A6-860B-C0A451890873}
LoadPhase=s59b_B=1, {230836C4-0192-4A7F-AE49-6F97733AA645}
59=s59b=1, {225B267B-BFA5-4FF6-8AB7-8B4939BCBAB1}
PosPt=Load.s59b=1, {29EF2560-83ED-47C1-82DE-6587BC99F428}
LoadLoc=s60a=1, {F4971F15-3D6B-4A4F-B0BC-8505C7CAF287}
LoadPhase=s60a_A=1, {344F02CF-C9B8-4D30-92F9-69F61B637C6C}
59=s60a=1, {A03417CF-2C58-4A42-B5E6-E06B03CF28C5}
PosPt=Load.s60a=1, {CB78D9CC-6DCC-4BB5-A0D9-8CFC3E3B5FC3}
LoadLoc=s62c=1, {3D3BA8EA-6B72-44E8-9008-A69397466B4E}
LoadPhase=s62c_C=1, {5193525A-8C00-47A4-8624-07B866DFCCDC}
59=s62c=1, {497FDA09-27E9-4176-A7E0-D5626C05F436}
PosPt=Load.s62c=1, {20AF5B88-3267-467A-B311-6C96775BAB5C}
LoadLoc=s63a=1, {EBC741B6-6369-4C0D-9372-9614C1B9523A}
LoadPhase=s63a_A=1, {751B2012-0ECA-41B5-9713-C2B90C01B9FA}
59=s63a=1, {5FC6EE8D-7E18-4F8A-8BBC-2B3B60E8F106}
PosPt=Load.s63a=1, {5E405C59-DCDF-42D1-8CC5-E7EC578B2E13}
LoadLoc=s64b=1, {ACB1320B-8BBD-4296-8755-FFA6A9DB4D8F}
LoadPhase=s64b_B=1, {2C49B938-FA04-4AF1-805C-9D71A4D66D2C}
59=s64b=1, {50F0C836-45FA-4F5B-B33A-6A7EBAF2B535}
PosPt=Load.s64b=1, {E84BB3AC-785A-479E-95C0-C6775CB50EFE}
LoadLoc=s65a=1, {986A9F55-C895-4936-B775-BB3D87CAEAB5}
LoadPhase=s65a_A=1, {FF134520-B34D-42EF-9317-7213EEF2704D}
59=s65a=1, {D9AD4E01-090E-4197-B031-E3B2E3CE5B97}
PosPt=Load.s65a=1, {D71425E5-8A7D-4535-8BE9-D385BA532DBD}
LoadLoc=s65b=1, {5E3BF87A-EFAC-44B2-A58C-4F929E2A5850}
LoadPhase=s65b_B=1, {43881868-6A74-46F5-B4B6-8D098416AF09}
59=s65b=1, {35521ADA-2D0F-47D8-B52A-5C49830F0D21}
PosPt=Load.s65b=1, {A44080C9-68F4-4973-838F-A436F21DB1C1}
LoadLoc=s65c=1, {9BB78BDD-2DFE-4D19-B72A-BD70F246AEEA}
LoadPhase=s65c_C=1, {A1D3B65A-E73F-48D1-873C-B3D4D48CCA76}
59=s65c=1, {E7ECAF36-EAEA-4672-BBEB-BA9D640A8236}
PosPt=Load.s65c=1, {B28D900C-7B7E-435F-BB4D-EC3C1ECCFE07}
LoadLoc=s66c=1, {EB5F735B-D861-446D-B33C-94F46F75B6C5}
LoadPhase=s66c_C=1, {F25F7B5D-49E4-4EB4-A964-BAE921FB7A04}
59=s66c=1, {A70B8562-F7EA-46A3-8296-83FC7063EF10}
PosPt=Load.s66c=1, {B6A4C679-06CB-4285-9891-95555B79FC38}
LoadLoc=s68a=1, {8258FA8F-A40A-4970-9035-88C29C17F670}
LoadPhase=s68a_A=1, {46F7AF1F-42E5-4E6D-9527-48DE8DEA7094}
59=s68a=1, {09825D11-3ED0-466F-8F43-1C08F6547932}
PosPt=Load.s68a=1, {01A3624A-41C3-45B2-80F6-203FD39A34CE}
LoadLoc=s69a=1, {6F9113B1-E931-4EDD-B356-48E2D1C9874C}
LoadPhase=s69a_A=1, {68D4B2C0-4286-4817-B4F3-E95F39B2C1FA}
59=s69a=1, {0B40DD88-5A17-4C27-A9CB-39A3DB115407}
PosPt=Load.s69a=1, {7BF31675-3421-45F8-8AF8-E22634372C65}
LoadLoc=s70a=1, {03F135F2-16AF-40BD-AB7B-0EC23DA942FA}
LoadPhase=s70a_A=1, {E74A5164-EEFC-4336-A4E6-4E02B0D40B98}
59=s70a=1, {32F7B2D1-8D1A-4C92-B7A6-50A29C3A7489}
PosPt=Load.s70a=1, {00BD962A-4950-4992-BB12-DFB887267391}
LoadLoc=s71a=1, {56D44173-F968-4E7F-8EB2-D300381BC1F0}
LoadPhase=s71a_A=1, {489C066F-395F-4BDE-8690-64149EC90E9F}
59=s71a=1, {10F9AA59-FF6F-44C5-83D3-F0F8707DDEAC}
PosPt=Load.s71a=1, {D1DE4BE5-145F-45FF-8B46-CB0401775806}
LoadLoc=s73c=1, {1D351AC7-51BD-4B62-BA41-D2B5B8844C2A}
LoadPhase=s73c_C=1, {76BBC78F-8D6A-496B-A4B2-A519479B7F46}
59=s73c=1, {F1534690-4463-4182-A8B2-5C8FC4BF645B}
PosPt=Load.s73c=1, {27E90E21-3B7B-4FE4-9658-E29CFCB39CCD}
LoadLoc=s74c=1, {2FF30937-A361-4F18-BACC-AC164AB82249}
LoadPhase=s74c_C=1, {960D4836-515F-44DD-A284-AFAE3297567E}
59=s74c=1, {C50F9009-2816-427B-8EC2-5EDDD5EFF6A2}
PosPt=Load.s74c=1, {7D6F27F7-091F-4EC7-ADFF-04F5CBCD304C}
LoadLoc=s75c=1, {2625074F-D8D7-4736-9936-5113A9804949}
LoadPhase=s75c_C=1, {96A5A3E6-0B38-41BF-926F-2B0008926304}
59=s75c=1, {815E5E8F-DECA-4875-AA0A-D0446270898A}
PosPt=Load.s75c=1, {E7C5CEAD-2E81-41AE-9350-45881D104B76}
LoadLoc=s76a=1, {30E4F0FD-0367-4F30-89C5-05B87457A791}
LoadPhase=s76a_A=1, {387D1286-DF8B-4359-B2CC-288E35B5ED31}
59=s76a=1, {8DDFDAB4-C889-413B-9017-2BFFEC2CB33E}
PosPt=Load.s76a=1, {C3DCA5AD-8E34-4C71-941B-1810DEE671D3}
LoadLoc=s76b=1, {4BC5DEF1-EF2F-4B66-8CE9-3F0CDCDEAD89}
LoadPhase=s76b_B=1, {AC6F4BC6-2FCF-471A-985A-B148D8531A2A}
59=s76b=1, {DB11788B-9EDF-4941-A583-EEDB6E0FB995}
PosPt=Load.s76b=1, {9659E383-D3E9-4C67-B9C7-E72F9C8B24F4}
LoadLoc=s76c=1, {1A482379-5CA5-4C0A-A9AE-A6EC9032E2E5}
LoadPhase=s76c_C=1, {262E7B8F-000F-44EB-9BA6-07006CE9FFA0}
59=s76c=1, {9798EE8C-D91E-43ED-983D-682FB68307F0}
PosPt=Load.s76c=1, {986F4D86-7CFC-47FE-941B-D32154C261B9}
LoadLoc=s77b=1, {5A0C2FB5-F056-453E-81F8-27FFC9ECB97D}
LoadPhase=s77b_B=1, {32E89C77-7FCD-454D-9758-8831AC549190}
59=s77b=1, {37ADDC62-7871-4313-AB6B-11160AD55DA1}
PosPt=Load.s77b=1, {08ADA8E6-6873-460C-BA37-C931211A0455}
LoadLoc=s79a=1, {74379B3D-8E20-4850-AD0E-12166BA95E21}
LoadPhase=s79a_A=1, {4B4569E5-FD45-4A12-8D41-4CABA49A2E32}
59=s79a=1, {3B74D184-BCB1-41F1-B880-0D475DEB7072}
PosPt=Load.s79a=1, {282DCA3B-2765-4994-BBB6-A0607DFC31CA}
LoadLoc=s80b=1, {4DD1BCFE-F0E6-4437-8173-5E575B74CBB8}
LoadPhase=s80b_B=1, {67A32680-7868-4217-8B12-B5719675E6FF}
59=s80b=1, {9BD0F600-8BBE-42AB-A5D3-24EE7A290476}
PosPt=Load.s80b=1, {10BA0FA6-F874-4C27-92EC-789FD31AD1A5}
LoadLoc=s82a=1, {7C797FEA-19A5-4069-851F-44A434EBCDFF}
LoadPhase=s82a_A=1, {E64DD934-17CC-4393-842D-3CE0E1C7733B}
59=s82a=1, {F26DAECD-6FA0-45ED-8D8B-5FA46DF90A1D}
PosPt=Load.s82a=1, {DB52F3FC-FA7D-47D7-863E-1C0D16939069}
LoadLoc=s83c=1, {564BAF71-497E-414E-9800-D09545CE34C6}
LoadPhase=s83c_C=1, {889A49D0-42C1-4E3D-831C-903CEE891729}
59=s83c=1, {3070E15B-0FA1-4BF2-AB5F-C32ED8594C27}
PosPt=Load.s83c=1, {A9961C74-F65C-4A10-A19A-B870154E0896}
LoadLoc=s84c=1, {B8360954-0AE6-46DE-AA8B-5D8FB0F6C5F1}
LoadPhase=s84c_C=1, {3D236DBA-D134-4AD7-B419-3E5B00E23953}
59=s84c=1, {EEC34486-2731-44B1-8350-6502E107E74A}
PosPt=Load.s84c=1, {1CA6BF65-AB53-43B4-8B5F-7715A0FDF2BD}
LoadLoc=s85c=1, {3BC97C0F-D5EC-4C69-8BE2-14137A099053}
LoadPhase=s85c_C=1, {55343158-2ABA-4AD4-901D-FD9F9D248A8D}
59=s85c=1, {5B7CC972-0CEF-48EA-BCDA-1B046CC1B8DB}
PosPt=Load.s85c=1, {2A6FF6A9-31F5-4B1D-9E98-AACAAEC43D1A}
LoadLoc=s86b=1, {F3706597-D27A-4977-BF94-3AA709ACAE87}
LoadPhase=s86b_B=1, {D3516848-5C85-4CBC-86B4-69CCFF6C7F1E}
59=s86b=1, {D6597E2E-F66B-4368-A17A-2341FF633EE9}
PosPt=Load.s86b=1, {728313A5-D7BB-4406-9878-DD5E63AD84F1}
LoadLoc=s87b=1, {459799C5-26F0-4504-BFE6-461801FB8A83}
LoadPhase=s87b_B=1, {E37C2A76-11FE-4608-9B72-42FEC92F4DC2}
59=s87b=1, {E3483C04-1A0F-46F0-A9D0-7072FD393200}
PosPt=Load.s87b=1, {C23D2545-8222-4623-AC63-7CD459D5C253}
LoadLoc=s88a=1, {1CC043B0-C078-4073-B691-3A7EF1AA98C0}
LoadPhase=s88a_A=1, {E292775C-867A-46A1-B8EA-307B6A3F5C9E}
59=s88a=1, {F4303A67-45F0-42F1-8A05-945EA588E397}
PosPt=Load.s88a=1, {FA8683F5-5BC8-47F3-9E63-0500DC1BB5AC}
LoadLoc=s90b=1, {67A75CC2-1238-43FD-A997-B79A1300958B}
LoadPhase=s90b_B=1, {97641A1C-9EC9-4589-90C7-26EF4F0CD225}
59=s90b=1, {D5EABC0D-CAAB-4B22-9332-01A2F578DF85}
PosPt=Load.s90b=1, {69E384BE-7043-42F9-8AA7-3F047304A84D}
LoadLoc=s92c=1, {D8E2EC6E-EFCE-465C-A015-DCCF38FD3219}
LoadPhase=s92c_C=1, {EAF9AC16-23EC-492A-932F-E7BB7467433A}
59=s92c=1, {AED600A0-C3EF-477C-BA44-9650D6F28ACE}
PosPt=Load.s92c=1, {D2BE5457-38C4-41FA-8ABF-2CB70BCBDAAB}
LoadLoc=s94a=1, {3F0775CB-D6C5-42E2-86D8-8086B989706C}
LoadPhase=s94a_A=1, {3D90940D-DBEF-4860-AFDF-4F282763A09F}
59=s94a=1, {DFB4D8C5-2C2D-492C-A682-32779AE8F3F9}
PosPt=Load.s94a=1, {49D14E0B-7945-4FC6-AD92-1C1AEF512E38}
LoadLoc=s95b=1, {C7FD6111-7AE0-4A90-85CE-5441C7B05AF8}
LoadPhase=s95b_B=1, {DD58F337-74E4-49D7-8B3D-EB8CBE325BFB}
59=s95b=1, {8F7FA368-25B9-4630-B22B-EDDB57DBEA64}
PosPt=Load.s95b=1, {2704F000-927B-4A0B-B022-3F4420FF3395}
LoadLoc=s96b=1, {4743F50B-F425-4AAB-B49A-A8886E1241FD}
LoadPhase=s96b_B=1, {08342837-1E55-42A8-9DDA-4474574EFF94}
59=s96b=1, {1C6A4FE7-E436-452A-8A66-63630AE65FB4}
PosPt=Load.s96b=1, {FB12A167-DF39-4E34-B0FA-7CD0D62A14E1}
LoadLoc=s98a=1, {C8DA8DE5-A72E-4FC2-BCB0-4DEF2BAAE0FE}
LoadPhase=s98a_A=1, {167C6071-4850-4957-8BCF-427CC5438D1B}
59=s98a=1, {53D46D9B-C1BA-414C-8ACA-53D843776B19}
PosPt=Load.s98a=1, {FAF3582D-09A3-4907-9545-E3E696E2086B}
LoadLoc=s99b=1, {584E3F93-930B-45FD-A8D2-30CB5975C791}
LoadPhase=s99b_B=1, {B45542B6-4F1A-4F01-94E2-D04874A0181F}
59=s99b=1, {F5B994CD-1214-4541-97E7-0713FB93C4F7}
PosPt=Load.s99b=1, {B354762B-E6AB-44AD-AAF4-BDC1950EFEBB}
LoadLoc=s100c=1, {BC550178-76D0-4B32-AF49-E86D9EA71300}
LoadPhase=s100c_C=1, {104B3632-E487-438A-B49D-F68333E916DE}
59=s100c=1, {CEB49F41-83C6-4A16-B820-86A757218908}
PosPt=Load.s100c=1, {E9609001-60A5-40B6-B323-FCD6DB8DAEA7}
LoadLoc=s102c=1, {6C1D9E29-061E-4E34-80CB-DAAF539DC99B}
LoadPhase=s102c_C=1, {F689E36A-26E1-4EAE-98DE-30F0A3C05FDE}
59=s102c=1, {5414D266-2068-405D-A564-43B7DF496637}
PosPt=Load.s102c=1, {9ADCC012-1CC3-4FAE-B134-810ADBB432CB}
LoadLoc=s103c=1, {93FC2287-FABA-494E-B343-448F2276F0FC}
LoadPhase=s103c_C=1, {CF15D43C-9D57-49C4-99B9-48882D02AA43}
59=s103c=1, {613A8F4B-8B77-47FB-8A19-C0330FD484A8}
PosPt=Load.s103c=1, {F088DD88-C528-46FE-9197-88307D53D8D8}
LoadLoc=s104c=1, {547AE13C-A6A7-40AF-A875-FB165535B966}
LoadPhase=s104c_C=1, {3399997F-471A-4246-9B41-EF71E78459D5}
59=s104c=1, {0ADD593E-FD03-4641-87E1-BA49980665B9}
PosPt=Load.s104c=1, {381CDEDC-82B0-419B-BB46-D6E9AEDF246B}
LoadLoc=s106b=1, {368C895A-3BB6-4EDB-9F58-B37CFE7EDA02}
LoadPhase=s106b_B=1, {4AF301D0-8796-460D-B5FE-136D30AA0362}
59=s106b=1, {59850560-4026-4557-BD42-72A3603A1B4F}
PosPt=Load.s106b=1, {39B0B659-D93D-489E-B5F6-581A0CFCFF71}
LoadLoc=s107b=1, {30FD858A-80BB-42F7-9100-27139EEE2B11}
LoadPhase=s107b_B=1, {BA1443ED-74C4-4CB5-9ACA-4A7C5AE6001E}
59=s107b=1, {224468ED-B4FA-45EB-B43D-E776CEA0DA0B}
PosPt=Load.s107b=1, {0D938711-7FF4-4F36-85AC-334A6513B851}
LoadLoc=s109a=1, {3138285A-F5E9-4EDA-8F46-224934BDE971}
LoadPhase=s109a_A=1, {93514DE2-6130-45FF-ABA7-78A92DF664E4}
59=s109a=1, {5A8B507C-70BC-4978-8C01-F826975D4F66}
PosPt=Load.s109a=1, {068F44EC-7373-453A-974C-A0D7931E61DE}
LoadLoc=s111a=1, {4D0C4B14-533E-4230-89AE-970680792731}
LoadPhase=s111a_A=1, {ADBA2857-0D32-455B-BF21-5F3438FAD5E8}
59=s111a=1, {747749BB-01CA-4984-86C8-4E1F10C17747}
PosPt=Load.s111a=1, {8F23C9F6-98FD-4F46-A7C8-C5CBEA8A5E25}
LoadLoc=s112a=1, {0988906F-7A29-4A53-8D8B-0F90BC2D8BF7}
LoadPhase=s112a_A=1, {3AEA16A8-1C2A-4DA6-9CD0-6C9C68227BDA}
59=s112a=1, {A6A09028-9132-4736-A25D-E047D4E610B9}
PosPt=Load.s112a=1, {5A652272-436A-4B8D-A718-E039A2CAB2F2}
LoadLoc=s113a=1, {6B5F4D7A-B078-44A6-9E57-748924A85E2D}
LoadPhase=s113a_A=1, {E54F2A27-10D0-414F-A057-BCFB640C82D0}
59=s113a=1, {0C8092F5-536B-4C4E-BA02-76CA3A9833AE}
PosPt=Load.s113a=1, {F3216E33-40EC-4F87-8EB4-24D5DE0DF3EC}
LoadLoc=s114a=1, {2C6156E0-B610-4205-B778-3FAD4A982F1F}
LoadPhase=s114a_A=1, {F3F3BF2A-39BA-43EE-93B6-E5FFC002EAB5}
59=s114a=1, {D99E82F4-8E5C-4534-8446-940464AD11B7}
PosPt=Load.s114a=1, {432FFEE8-F0CD-46D4-BEE9-0F1DB03749BA}
ZData=1=1, {FB9ED01E-4202-4240-B8CA-D5EF8D32D599}
ZData=1=2, {33BE6D7B-271C-4F64-AE99-8F05DA12FBFC}
ZData=1=3, {32CD4D09-081B-45AE-BC45-EEEA4E48DE04}
ZData=1=4, {EED93417-94BD-46DC-8797-1E0DF3FB8882}
ZData=1=5, {E275B057-46E7-49AE-973E-4990885A2688}
ZData=1=6, {C8012C24-390D-48B3-94AE-6F9E1D2A2EFD}
ZData=2=1, {E9A11A93-258B-49A6-A20C-20ACEBEB5663}
ZData=2=2, {89897D26-9FE2-4223-B3B0-51C240BBC71A}
ZData=2=3, {2D351A3B-3B37-48A4-B42F-9B883163C2A1}
ZData=2=4, {5414168D-817F-4840-97EF-0027CE819578}
ZData=2=5, {EAFCDF70-36DB-452D-B016-AF665CA645C7}
ZData=2=6, {0AB6A867-DD4D-4456-ABFC-BCEC229979EC}
ZData=3=1, {3BEC5CD3-CB7C-4264-A970-01D493F82F4D}
ZData=3=2, {42FD8801-5544-46C1-BEED-3F261A8B4511}
ZData=3=3, {278E3659-6D17-409D-B05F-16A77185A66A}
ZData=3=4, {CDC1877B-1CE4-4D20-8583-5E7397C381E8}
ZData=3=5, {0A270DB3-81B9-4484-AD3B-937D3F36A916}
ZData=3=6, {9E81A259-E427-4B57-A280-546FB45CAFA8}
ZData=4=1, {7E6C7F90-A940-4FD6-AC29-37EF1179B7CF}
ZData=4=2, {13E80A11-866B-4399-9831-9F404BC36204}
ZData=4=3, {74B81DD4-668C-432F-9505-22CBF7DAAA34}
ZData=4=4, {27B73F51-E7F0-47F6-B199-8861D03D7ED2}
ZData=4=5, {251A6219-BFE0-41EA-9527-CAFF0D3E17E2}
ZData=4=6, {2629E95A-970F-4039-ADF7-A8D4BDA95F3C}
ZData=5=1, {8474DABA-8618-472D-A963-089A30D0E2E7}
ZData=5=2, {4AB3D6CE-9F70-4D08-872E-70B0766A39AD}
ZData=5=3, {52E7EC0C-E3EE-4BAE-B747-E345F8B95BD0}
ZData=5=4, {F56ED640-0A5C-4D81-B2A9-CD9A5D3E72D8}
ZData=5=5, {96F5E81E-3B40-49A8-AA20-FC648105325A}
ZData=5=6, {1FC5D078-8EBE-4EF6-8467-CC653230545F}
ZData=6=1, {F0E2DB52-509F-479C-9A19-03140785039C}
ZData=6=2, {738AD099-2F2B-41E1-889B-33CBBB6C1AA6}
ZData=6=3, {353B7385-B303-4ADB-9DCC-306E8E3B6081}
ZData=6=4, {58419F7E-C97B-4887-BE29-74466A9AC684}
ZData=6=5, {CF09C4DA-24B6-49DF-9DE4-D51194E866B2}
ZData=6=6, {554D66CB-306C-492B-82AA-A3EE5DA0A36A}
ZData=7=1, {938C5F27-9138-48B6-937A-4583F04A39A5}
ZData=7=2, {54E2290E-5DDE-49E1-95D2-49BAB491C72F}
ZData=7=3, {66A97074-4D40-469E-BF7F-C99A55861F6D}
ZData=8=1, {21D34793-A028-401F-9E82-30FC3643D961}
ZData=8=2, {9A451ED1-4EA1-4420-836B-97C723941C00}
ZData=8=3, {D30CDB4D-64C1-403B-8D41-DACE40B0F065}
ZData=9=1, {D4CDA8EF-BFBD-4D8C-8D54-57101B54A6A7}
ZData=10=1, {F52FE0CB-FE8A-4BAA-A8DF-B939C7FA7B5F}
ZData=11=1, {7BD00A4C-FC53-4908-B587-F5EECA85CF2D}
ZData=12=1, {58A9A0D7-22CC-40F9-9498-3799ABB6797D}
ZData=12=2, {1859D8B3-45A5-4D42-A961-438940C74B3C}
ZData=12=3, {31748CB0-CAE0-43B6-904D-AE6E2321055C}
ZData=12=4, {C93E8CB3-4CDB-4BA3-8A26-D1E677CAE58A}
ZData=12=5, {AA593DDC-639D-4037-BB06-628840E05F84}
ZData=12=6, {2D723B7C-9033-4234-AEC6-6A111A2EDD56}
ZData=300=1, {A5E96B76-42C3-474B-84CC-5D3CB2B976BE}
ZData=300=2, {5015BB3F-2590-4800-99DE-4420BF5FCAF5}
ZData=300=3, {A44DA16B-81DF-4E6F-8E12-C1001FD5B226}
ZData=300=4, {4E6EBAA6-3691-405B-8B4F-6B69BBAA2577}
ZData=300=5, {4FC13F25-150D-4729-A38B-FF3C9425E745}
ZData=300=6, {9E4F7721-AAF1-4489-A303-8F8B0F73161E}
ZData=301=1, {B405A3C7-F4DA-4DF6-987C-6D71CE5A8608}
ZData=301=2, {54C097DB-CE19-4099-A14C-63122AAAC6CC}
ZData=301=3, {443207AD-4C9A-4D61-A123-EBC77E27CAFC}
ZData=301=4, {D08A8B9A-41DA-4F62-A253-FE14FC0E354C}
ZData=301=5, {713DC2C0-75FC-44FD-950A-D090DC2D93E5}
ZData=301=6, {41586AB7-0F47-4735-A9AB-D96B9ADD3C8E}
ZData=302=1, {FCB8EE43-75CA-4261-A5E8-1212499D06AC}
ZData=303=1, {78A34FDB-2B27-4E1D-BC9B-81A10464F0F5}
ZData=304=1, {9D68D148-B4DB-478E-83F3-84CC9AF825DD}
ZData=400=1, {6BA7043F-3846-49C5-9200-622C0BF0F1FD}
ZData=400=2, {A0C428C8-0F6A-4F08-92B3-81E3C1A9C949}
ZData=400=3, {65C907D0-05EF-4656-BCE6-834E7C6E6EA9}
ZData=400=4, {21F54EAF-2AC8-42CA-BFAF-F2AC739E2E6A}
ZData=400=5, {4FBFA1F1-4447-4380-950C-8837DDBD807C}
ZData=400=6, {42DAE8EA-9008-4543-B769-A3767E992943}
ZData=601=1, {03BC0881-F64C-4B54-8783-5D45C881F081}
ZData=601=2, {457CC3AF-5C6D-46C1-8E6F-B40D08A228DF}
ZData=601=3, {A9246DE4-4BB3-4F0A-80CE-8A335B0FEE02}
ZData=601=4, {BEDFA14A-F14C-460C-A7CC-3533E0AE121A}
ZData=601=5, {1073773E-37BF-4A75-8594-8A5934315BB4}
ZData=601=6, {4719228A-4CF8-4578-B53D-7D75729E2245}
ZData=602=1, {515CA5C4-80B5-4047-8510-0D4D2EF529B2}
ZData=602=2, {342FD1E1-8DB4-4786-B352-13A5AAEC6E79}
ZData=602=3, {62DE0912-74FB-4D30-BD8F-025B92185E03}
ZData=602=4, {66AF8DF3-9220-49C6-BC93-51D71CBC5DF3}
ZData=602=5, {241249B4-63FC-49ED-97D1-AF8E1932617A}
ZData=602=6, {FC675EE1-AD12-4610-9425-FCD606DAEE1E}
ZData=603=1, {25DFB223-D4F2-430C-8AE8-55FABE236E9D}
ZData=603=2, {836BF420-E4B8-490F-950A-8FDAFFC688E5}
ZData=603=3, {22D37499-039C-47A6-93F2-F177C92237CC}
ZData=604=1, {9892A148-394C-4300-98CB-0442D4436DAF}
ZData=604=2, {1E290119-5B2D-4069-84F5-E6A81F9E640F}
ZData=604=3, {30250001-AF01-4288-99DE-6447E2C4C0FB}
ZData=605=1, {39CCA4CD-40C8-4312-8DE3-42873F15C040}
ZData=606=1, {57DEA020-16D3-42C2-AF49-B77A6A76C7F6}
ZData=606=2, {0C7B6135-B6E0-49AE-AF69-8FE7DD92362A}
ZData=606=3, {8DC99D23-EB9E-47B9-BD17-28536CF7B56D}
ZData=606=4, {6ED0EC2F-37E3-40F9-A4B9-B86EA176B03A}
ZData=606=5, {71C284D3-B1FA-49B4-9A1F-155E008D0173}
ZData=606=6, {5E098B18-5666-45D0-BEAB-9699465418EE}
ZData=607=1, {7779EED1-384F-4DDF-98A9-C27AA09F254B}
ZData=721=1, {B0F3A08C-F2D6-4746-9826-F12161E70DE3}
ZData=721=2, {9AC2AB54-7389-4AE7-B86D-D9D8FC36592B}
ZData=721=3, {6F6DE217-6410-4684-8CA8-40AC2BE7C11D}
ZData=721=4, {1100105B-332C-4532-8A46-803E115A72B3}
ZData=721=5, {FBF5930D-AF42-4A43-8CD3-86B39F3ECB9B}
ZData=721=6, {40688941-3393-41F3-B10E-33D33EB93CFB}
ZData=722=1, {CBE8F396-4FF5-4C7F-9214-F293AE8E7FF3}
ZData=722=2, {2C3F9244-E98D-47DB-8362-BCAEC5695777}
ZData=722=3, {A529EB76-FBA7-4163-B18B-A7F3C832BC60}
ZData=722=4, {8292B43F-6652-4D26-A06D-D245F4D2C904}
ZData=722=5, {1FF393AC-3F69-468E-A8D3-50A168D19415}
ZData=722=6, {6ABDF2B5-9B8D-4FE5-846D-446783B0B15C}
ZData=723=1, {FDA8370D-9920-4E86-9F93-78F46DA473B8}
ZData=723=2, {57FD59BD-5219-463A-9173-3D6A491E23C1}
ZData=723=3, {CC577853-DB17-4866-AA04-D40BEDBC61C9}
ZData=723=4, {8AEF7489-3052-4785-814F-63B9E87B4C70}
ZData=723=5, {E872477F-C15B-4E14-8C0B-52E6CB087AB2}
ZData=723=6, {65B23372-DF34-4642-B25F-07A87551925E}
ZData=724=1, {BA00D8BE-A823-4D82-8AF6-CD08A6BBC87F}
ZData=724=2, {DAFC3CA2-D948-4402-9191-46111BB02990}
ZData=724=3, {D6B1AACC-EED1-4487-8A41-E345E676AAB5}
ZData=724=4, {8A6159D5-9030-41EF-AA48-7F46B6E5BD88}
ZData=724=5, {A7060F86-68BE-4879-BDC3-15819324A30E}
ZData=724=6, {EBA159A1-F713-41B7-85AC-76BFD1DE12F8}
NormAmps=OpLimI_112.4_149.9=1, {32DA102C-62B1-4EC0-8E42-7E5368A7FCA7}
EmergAmps=OpLimI_112.4_149.9=1, {83269A90-2C6C-462D-B59E-9F55ACBE6BCD}
NormAmps=OpLimI_28.1_37.5=1, {06B44E1E-A772-4F83-94CF-2F078452C431}
EmergAmps=OpLimI_28.1_37.5=1, {3B1A13D1-86AF-40C4-B7E9-D05028AF019A}
NormAmps=OpLimI_763.3_1040.9=1, {0E62EF34-5752-43BA-9048-75EC1FFE6377}
EmergAmps=OpLimI_763.3_1040.9=1, {7B7767DF-AD08-47F0-AE50-FEAF8A9FC20A}
NormAmps=OpLimI_22.9_31.2=1, {E45E4824-1D23-445B-8129-8169E7FE5D21}
EmergAmps=OpLimI_22.9_31.2=1, {F517093F-505E-4C7B-81B0-105B7A558CED}
NormAmps=OpLimI_915.9_1249.0=1, {CCF3A651-20F4-4007-9427-2EDBCBC840A5}
EmergAmps=OpLimI_915.9_1249.0=1, {CFAB2B1C-B241-43F4-9ADF-A679E0227E35}
NormAmps=OpLimI_400.0_600.0=1, {E23D76AF-5A3B-4378-94F9-DD570329A03C}
EmergAmps=OpLimI_400.0_600.0=1, {F61F53A2-0B05-476A-AC01-A9621F0BE61F}
